protein,position,residue,RSA
OspA_protein_1,27,K,98.4
OspA_protein_1,35,P,7.9
OspA_protein_1,36,G,26.0
OspA_protein_1,37,E,107.7
OspA_protein_1,46,K,60.5
OspA_protein_1,48,K,98.9
OspA_protein_1,49,D,73.2
OspA_protein_1,60,K,117.7
OspA_protein_1,70,N,66.6
OspA_protein_1,92,D,63.4
OspA_protein_1,93,D,81.5
OspA_protein_1,94,L,22.3
OspA_protein_1,107,K,84.6
OspA_protein_1,117,K,82.8
OspA_protein_1,128,E,97.0
OspA_protein_1,129,K,95.4
OspA_protein_1,144,R,38.0
OspA_protein_1,152,S,95.3
OspA_protein_1,163,K,82.1
OspA_protein_1,174,E,86.0
OspA_protein_1,175,K,34.7
OspA_protein_1,183,G,104.2
OspA_protein_1,184,T,48.0
OspA_protein_1,204,T,74.6
OspA_protein_1,205,D,18.9
OspA_protein_1,206,S,109.7
OspA_protein_1,207,S,43.4
OspA_protein_1,208,A,79.8
OspA_protein_1,209,A,61.7
OspA_protein_1,217,N,54.9
OspA_protein_1,218,S,61.5
OspA_protein_1,219,G,101.2
OspA_protein_1,230,K,46.1
OspA_protein_1,231,K,45.8
OspA_protein_1,239,K,103.2
OspA_protein_1,240,E,72.6
OspA_protein_1,242,T,7.2
OspA_protein_1,250,S,91.5
OspA_protein_1,251,N,72.7
OspA_protein_1,253,T,71.1
OspA_protein_1,254,K,85.4
OspA_protein_1,255,L,45.6
OspA_protein_1,256,E,54.3
OspA_protein_1,258,S,85.4
OspA_protein_1,263,T,53.9
OspA_protein_1,264,K,55.4
OspA_protein_1,270,N,53.0
OspA_protein_2,27,K,98.2
OspA_protein_2,35,P,7.9
OspA_protein_2,36,G,24.1
OspA_protein_2,37,E,109.8
OspA_protein_2,46,K,61.4
OspA_protein_2,48,K,101.2
OspA_protein_2,49,D,70.5
OspA_protein_2,60,K,117.7
OspA_protein_2,70,N,65.6
OspA_protein_2,92,D,63.2
OspA_protein_2,93,D,80.9
OspA_protein_2,94,L,22.8
OspA_protein_2,107,K,76.2
OspA_protein_2,117,K,83.6
OspA_protein_2,128,E,98.5
OspA_protein_2,129,K,94.1
OspA_protein_2,151,K,68.3
OspA_protein_2,152,S,94.2
OspA_protein_2,163,K,81.5
OspA_protein_2,174,E,86.8
OspA_protein_2,175,K,34.8
OspA_protein_2,183,G,104.6
OspA_protein_2,184,T,47.1
OspA_protein_2,204,T,74.4
OspA_protein_2,205,D,19.0
OspA_protein_2,206,S,111.3
OspA_protein_2,207,S,43.7
OspA_protein_2,208,A,80.6
OspA_protein_2,209,A,61.6
OspA_protein_2,217,N,54.7
OspA_protein_2,218,S,63.2
OspA_protein_2,219,G,100.2
OspA_protein_2,230,K,45.7
OspA_protein_2,231,K,44.5
OspA_protein_2,239,K,104.0
OspA_protein_2,240,E,72.4
OspA_protein_2,242,T,7.0
OspA_protein_2,250,S,92.5
OspA_protein_2,251,N,74.8
OspA_protein_2,253,T,70.5
OspA_protein_2,254,K,85.4
OspA_protein_2,255,L,46.4
OspA_protein_2,256,E,54.2
OspA_protein_2,258,S,84.0
OspA_protein_2,263,T,54.2
OspA_protein_2,264,K,54.8
OspA_protein_2,270,N,53.2
OspA_protein_3,27,K,98.5
OspA_protein_3,35,P,7.9
OspA_protein_3,36,G,22.8
OspA_protein_3,37,E,117.1
OspA_protein_3,46,K,60.4
OspA_protein_3,48,K,102.1
OspA_protein_3,49,D,73.3
OspA_protein_3,60,K,116.7
OspA_protein_3,70,N,66.2
OspA_protein_3,92,D,63.8
OspA_protein_3,93,D,81.9
OspA_protein_3,94,L,22.9
OspA_protein_3,107,K,79.6
OspA_protein_3,117,K,82.8
OspA_protein_3,128,E,99.0
OspA_protein_3,129,K,94.1
OspA_protein_3,151,K,67.5
OspA_protein_3,152,S,92.4
OspA_protein_3,163,K,81.5
OspA_protein_3,174,E,86.7
OspA_protein_3,175,K,35.2
OspA_protein_3,183,G,105.2
OspA_protein_3,184,T,46.5
OspA_protein_3,204,T,75.1
OspA_protein_3,205,D,18.1
OspA_protein_3,206,S,110.7
OspA_protein_3,207,S,44.2
OspA_protein_3,208,A,81.2
OspA_protein_3,209,A,61.4
OspA_protein_3,217,N,54.4
OspA_protein_3,218,S,65.8
OspA_protein_3,219,G,99.9
OspA_protein_3,230,K,45.8
OspA_protein_3,231,K,45.1
OspA_protein_3,239,K,102.5
OspA_protein_3,240,E,72.8
OspA_protein_3,250,S,91.9
OspA_protein_3,251,N,73.7
OspA_protein_3,253,T,72.2
OspA_protein_3,254,K,85.3
OspA_protein_3,255,L,45.8
OspA_protein_3,256,E,53.8
OspA_protein_3,258,S,85.7
OspA_protein_3,263,T,53.9
OspA_protein_3,270,N,53.3
OspA_protein_4,27,K,99.9
OspA_protein_4,35,P,5.5
OspA_protein_4,36,G,25.1
OspA_protein_4,37,E,112.0
OspA_protein_4,46,K,61.2
OspA_protein_4,48,K,100.2
OspA_protein_4,49,D,70.5
OspA_protein_4,60,K,115.2
OspA_protein_4,70,N,66.2
OspA_protein_4,92,D,61.7
OspA_protein_4,94,L,17.5
OspA_protein_4,107,K,68.7
OspA_protein_4,117,K,81.1
OspA_protein_4,128,E,97.2
OspA_protein_4,129,K,95.2
OspA_protein_4,151,K,68.1
OspA_protein_4,152,S,93.9
OspA_protein_4,163,K,80.9
OspA_protein_4,174,E,86.6
OspA_protein_4,175,K,35.7
OspA_protein_4,183,G,105.5
OspA_protein_4,184,T,47.5
OspA_protein_4,204,T,74.2
OspA_protein_4,205,D,18.1
OspA_protein_4,206,S,111.0
OspA_protein_4,207,S,44.2
OspA_protein_4,208,A,80.3
OspA_protein_4,209,A,60.8
OspA_protein_4,217,N,55.1
OspA_protein_4,218,S,62.1
OspA_protein_4,219,G,102.1
OspA_protein_4,230,K,45.3
OspA_protein_4,231,K,45.1
OspA_protein_4,239,K,102.8
OspA_protein_4,240,E,72.1
OspA_protein_4,250,S,92.7
OspA_protein_4,251,N,73.3
OspA_protein_4,253,T,71.0
OspA_protein_4,254,K,85.9
OspA_protein_4,255,L,46.5
OspA_protein_4,256,E,54.3
OspA_protein_4,258,S,84.2
OspA_protein_4,263,T,54.8
OspA_protein_4,270,N,59.7
OspA_protein_5,27,K,99.6
OspA_protein_5,35,P,7.9
OspA_protein_5,36,G,23.1
OspA_protein_5,37,E,110.3
OspA_protein_5,46,K,60.3
OspA_protein_5,48,K,122.9
OspA_protein_5,49,D,87.5
OspA_protein_5,60,K,117.6
OspA_protein_5,70,N,66.5
OspA_protein_5,92,D,64.2
OspA_protein_5,93,D,81.3
OspA_protein_5,94,L,22.2
OspA_protein_5,107,K,70.4
OspA_protein_5,117,K,82.6
OspA_protein_5,128,E,90.2
OspA_protein_5,129,K,93.9
OspA_protein_5,151,K,67.9
OspA_protein_5,152,S,95.2
OspA_protein_5,153,D,71.0
OspA_protein_5,163,K,89.4
OspA_protein_5,168,E,54.2
OspA_protein_5,174,E,85.5
OspA_protein_5,175,K,34.7
OspA_protein_5,184,T,47.8
OspA_protein_5,204,T,74.4
OspA_protein_5,205,D,18.9
OspA_protein_5,206,S,111.6
OspA_protein_5,207,S,44.1
OspA_protein_5,208,A,80.1
OspA_protein_5,209,A,61.9
OspA_protein_5,217,N,55.1
OspA_protein_5,218,S,61.1
OspA_protein_5,219,G,101.5
OspA_protein_5,230,K,45.5
OspA_protein_5,231,K,45.6
OspA_protein_5,239,K,103.5
OspA_protein_5,240,E,72.8
OspA_protein_5,250,S,92.4
OspA_protein_5,251,N,73.9
OspA_protein_5,253,T,70.8
OspA_protein_5,254,K,85.4
OspA_protein_5,255,L,46.8
OspA_protein_5,256,E,54.2
OspA_protein_5,258,S,85.8
OspA_protein_5,261,E,38.1
OspA_protein_5,263,T,52.9
OspA_protein_5,270,N,53.4
OspA_protein_6,27,K,98.6
OspA_protein_6,35,P,7.9
OspA_protein_6,36,G,26.9
OspA_protein_6,37,E,108.5
OspA_protein_6,46,K,60.8
OspA_protein_6,48,K,101.3
OspA_protein_6,49,D,75.1
OspA_protein_6,60,K,117.0
OspA_protein_6,70,N,65.8
OspA_protein_6,92,D,62.8
OspA_protein_6,94,L,22.2
OspA_protein_6,107,K,94.9
OspA_protein_6,117,K,84.0
OspA_protein_6,128,E,89.7
OspA_protein_6,129,K,93.5
OspA_protein_6,151,K,68.4
OspA_protein_6,152,S,99.6
OspA_protein_6,163,K,79.6
OspA_protein_6,174,E,85.5
OspA_protein_6,175,K,34.6
OspA_protein_6,183,G,103.7
OspA_protein_6,184,T,48.0
OspA_protein_6,204,T,74.1
OspA_protein_6,205,D,18.7
OspA_protein_6,206,S,111.9
OspA_protein_6,207,S,45.0
OspA_protein_6,208,A,80.1
OspA_protein_6,209,A,60.6
OspA_protein_6,217,N,55.5
OspA_protein_6,218,S,60.9
OspA_protein_6,219,G,101.4
OspA_protein_6,230,K,46.0
OspA_protein_6,231,K,45.4
OspA_protein_6,239,K,104.1
OspA_protein_6,240,E,69.8
OspA_protein_6,242,T,8.4
OspA_protein_6,250,S,92.0
OspA_protein_6,251,N,73.3
OspA_protein_6,253,T,72.2
OspA_protein_6,254,K,83.7
OspA_protein_6,255,L,46.9
OspA_protein_6,256,E,53.3
OspA_protein_6,258,S,85.1
OspA_protein_6,261,E,37.9
OspA_protein_6,263,T,54.2
OspA_protein_6,264,K,55.4
OspA_protein_6,270,N,54.8
OspA_protein_7,27,K,98.8
OspA_protein_7,35,P,7.0
OspA_protein_7,36,G,17.1
OspA_protein_7,37,E,121.0
OspA_protein_7,46,K,60.6
OspA_protein_7,48,K,102.6
OspA_protein_7,49,D,68.6
OspA_protein_7,60,K,117.2
OspA_protein_7,70,D,65.5
OspA_protein_7,71,N,32.6
OspA_protein_7,81,D,129.5
OspA_protein_7,82,D,63.6
OspA_protein_7,83,K,63.4
OspA_protein_7,92,D,62.1
OspA_protein_7,104,E,59.5
OspA_protein_7,105,D,59.1
OspA_protein_7,107,K,91.5
OspA_protein_7,117,K,81.1
OspA_protein_7,118,D,53.2
OspA_protein_7,119,K,84.4
OspA_protein_7,128,E,97.7
OspA_protein_7,129,K,94.9
OspA_protein_7,131,E,34.5
OspA_protein_7,135,K,23.4
OspA_protein_7,139,R,19.7
OspA_protein_7,140,E,74.0
OspA_protein_7,141,N,46.5
OspA_protein_7,151,K,68.7
OspA_protein_7,152,S,93.1
OspA_protein_7,153,D,74.7
OspA_protein_7,155,T,22.0
OspA_protein_7,157,K,55.6
OspA_protein_7,163,K,86.1
OspA_protein_7,170,K,60.3
OspA_protein_7,172,A,15.2
OspA_protein_7,173,N,105.9
OspA_protein_7,175,K,35.4
OspA_protein_7,181,K,66.8
OspA_protein_7,183,G,105.3
OspA_protein_7,184,T,45.7
OspA_protein_7,196,E,61.0
OspA_protein_7,202,N,61.8
OspA_protein_7,204,T,67.9
OspA_protein_7,205,N,21.1
OspA_protein_7,206,T,107.0
OspA_protein_7,207,T,58.7
OspA_protein_7,208,Q,80.3
OspA_protein_7,209,A,59.4
OspA_protein_7,211,K,36.0
OspA_protein_7,217,D,39.3
OspA_protein_7,218,S,56.1
OspA_protein_7,219,K,108.8
OspA_protein_7,228,N,56.9
OspA_protein_7,229,S,100.4
OspA_protein_7,230,K,49.3
OspA_protein_7,239,K,101.8
OspA_protein_7,240,Q,73.9
OspA_protein_7,242,T,8.5
OspA_protein_7,250,S,101.0
OspA_protein_7,251,A,60.9
OspA_protein_7,253,T,69.6
OspA_protein_7,254,N,73.0
OspA_protein_7,256,E,57.6
OspA_protein_7,257,G,101.8
OspA_protein_7,258,T,91.2
OspA_protein_7,261,E,29.1
OspA_protein_7,266,D,67.0
OspA_protein_7,270,N,53.7
OspA_protein_8,27,K,97.9
OspA_protein_8,33,D,78.2
OspA_protein_8,35,P,6.8
OspA_protein_8,36,G,22.1
OspA_protein_8,37,E,119.8
OspA_protein_8,39,K,67.1
OspA_protein_8,46,K,60.2
OspA_protein_8,48,K,101.6
OspA_protein_8,49,D,69.2
OspA_protein_8,60,K,117.2
OspA_protein_8,70,D,65.3
OspA_protein_8,71,N,33.3
OspA_protein_8,81,D,130.0
OspA_protein_8,82,D,63.6
OspA_protein_8,83,K,63.5
OspA_protein_8,92,D,63.2
OspA_protein_8,104,E,60.0
OspA_protein_8,105,D,57.7
OspA_protein_8,107,K,92.7
OspA_protein_8,117,K,81.2
OspA_protein_8,118,D,53.1
OspA_protein_8,119,K,85.3
OspA_protein_8,128,E,99.1
OspA_protein_8,129,K,93.5
OspA_protein_8,131,E,34.7
OspA_protein_8,135,K,23.7
OspA_protein_8,139,R,19.6
OspA_protein_8,140,E,73.4
OspA_protein_8,141,N,46.1
OspA_protein_8,151,K,67.6
OspA_protein_8,152,S,92.4
OspA_protein_8,153,D,74.6
OspA_protein_8,155,T,21.7
OspA_protein_8,157,K,54.8
OspA_protein_8,163,K,85.3
OspA_protein_8,170,K,60.0
OspA_protein_8,172,A,15.1
OspA_protein_8,173,N,104.4
OspA_protein_8,175,K,35.3
OspA_protein_8,181,K,66.5
OspA_protein_8,183,G,106.4
OspA_protein_8,184,T,44.7
OspA_protein_8,196,E,60.3
OspA_protein_8,202,N,60.5
OspA_protein_8,204,T,67.7
OspA_protein_8,205,N,21.2
OspA_protein_8,206,T,107.8
OspA_protein_8,207,T,59.2
OspA_protein_8,208,Q,79.5
OspA_protein_8,209,A,59.3
OspA_protein_8,211,K,35.3
OspA_protein_8,217,D,38.3
OspA_protein_8,218,S,56.0
OspA_protein_8,219,K,108.0
OspA_protein_8,228,N,57.1
OspA_protein_8,229,S,99.9
OspA_protein_8,230,K,49.4
OspA_protein_8,239,K,102.1
OspA_protein_8,240,Q,73.3
OspA_protein_8,242,T,8.6
OspA_protein_8,250,S,101.3
OspA_protein_8,251,A,61.3
OspA_protein_8,253,T,69.3
OspA_protein_8,254,N,72.8
OspA_protein_8,256,E,57.8
OspA_protein_8,257,G,101.8
OspA_protein_8,258,T,91.3
OspA_protein_8,261,E,29.1
OspA_protein_8,266,D,67.7
OspA_protein_8,270,N,53.8
OspA_protein_9,26,E,100.5
OspA_protein_9,27,K,99.0
OspA_protein_9,35,P,7.1
OspA_protein_9,36,G,49.2
OspA_protein_9,45,E,89.3
OspA_protein_9,46,K,58.5
OspA_protein_9,48,K,98.7
OspA_protein_9,49,D,68.8
OspA_protein_9,60,K,117.8
OspA_protein_9,64,K,27.7
OspA_protein_9,70,S,52.6
OspA_protein_9,71,N,35.3
OspA_protein_9,79,E,56.7
OspA_protein_9,92,Q,58.8
OspA_protein_9,93,D,67.4
OspA_protein_9,104,E,57.8
OspA_protein_9,107,K,69.7
OspA_protein_9,112,R,30.9
OspA_protein_9,117,K,75.4
OspA_protein_9,118,D,65.3
OspA_protein_9,119,K,89.9
OspA_protein_9,128,D,91.4
OspA_protein_9,129,K,88.6
OspA_protein_9,131,K,60.3
OspA_protein_9,139,R,16.6
OspA_protein_9,141,N,50.9
OspA_protein_9,151,K,68.5
OspA_protein_9,152,N,89.6
OspA_protein_9,153,D,63.1
OspA_protein_9,163,K,76.1
OspA_protein_9,168,E,61.4
OspA_protein_9,173,D,83.3
OspA_protein_9,174,G,72.0
OspA_protein_9,176,E,39.6
OspA_protein_9,184,G,95.3
OspA_protein_9,185,T,39.3
OspA_protein_9,194,K,100.1
OspA_protein_9,203,N,61.8
OspA_protein_9,205,T,64.8
OspA_protein_9,206,E,22.8
OspA_protein_9,207,T,101.1
OspA_protein_9,208,T,49.9
OspA_protein_9,209,P,92.2
OspA_protein_9,210,A,43.6
OspA_protein_9,211,D,42.1
OspA_protein_9,212,K,35.9
OspA_protein_9,216,E,67.0
OspA_protein_9,220,D,98.4
OspA_protein_9,221,T,51.6
OspA_protein_9,229,N,62.0
OspA_protein_9,230,S,116.5
OspA_protein_9,231,Q,44.0
OspA_protein_9,240,K,101.6
OspA_protein_9,241,E,71.4
OspA_protein_9,250,N,29.3
OspA_protein_9,251,R,112.1
OspA_protein_9,252,A,56.3
OspA_protein_9,253,G,7.3
OspA_protein_9,254,N,91.6
OspA_protein_9,256,L,44.8
OspA_protein_9,257,E,51.3
OspA_protein_9,258,G,103.1
OspA_protein_9,259,S,89.7
OspA_protein_9,260,P,58.1
OspA_protein_9,262,E,27.7
OspA_protein_9,264,K,52.2
OspA_protein_9,267,A,67.4
OspA_protein_9,268,E,42.4
OspA_protein_10,27,K,100.5
OspA_protein_10,35,P,6.9
OspA_protein_10,36,G,49.9
OspA_protein_10,45,E,89.7
OspA_protein_10,46,K,58.8
OspA_protein_10,48,K,102.0
OspA_protein_10,49,D,69.6
OspA_protein_10,60,K,119.0
OspA_protein_10,64,K,28.0
OspA_protein_10,70,S,52.1
OspA_protein_10,79,E,56.0
OspA_protein_10,92,Q,58.8
OspA_protein_10,93,D,66.7
OspA_protein_10,104,E,60.0
OspA_protein_10,107,K,73.4
OspA_protein_10,112,R,31.4
OspA_protein_10,117,K,75.0
OspA_protein_10,118,D,65.9
OspA_protein_10,119,K,89.3
OspA_protein_10,128,D,91.3
OspA_protein_10,129,K,88.6
OspA_protein_10,131,K,60.0
OspA_protein_10,139,R,16.8
OspA_protein_10,151,Q,63.8
OspA_protein_10,152,N,87.4
OspA_protein_10,153,D,66.6
OspA_protein_10,161,V,17.0
OspA_protein_10,163,K,81.0
OspA_protein_10,173,A,60.8
OspA_protein_10,174,D,76.4
OspA_protein_10,184,K,94.2
OspA_protein_10,185,T,39.9
OspA_protein_10,194,K,97.5
OspA_protein_10,197,E,64.0
OspA_protein_10,203,K,73.2
OspA_protein_10,205,T,68.3
OspA_protein_10,206,D,20.6
OspA_protein_10,207,S,116.1
OspA_protein_10,208,S,50.3
OspA_protein_10,209,A,74.7
OspA_protein_10,210,D,53.4
OspA_protein_10,215,T,58.7
OspA_protein_10,218,S,57.4
OspA_protein_10,219,D,109.0
OspA_protein_10,228,N,69.0
OspA_protein_10,230,L,40.3
OspA_protein_10,239,K,100.3
OspA_protein_10,240,E,71.7
OspA_protein_10,249,N,28.4
OspA_protein_10,250,R,113.3
OspA_protein_10,251,A,55.1
OspA_protein_10,253,N,89.6
OspA_protein_10,255,L,44.4
OspA_protein_10,256,E,51.1
OspA_protein_10,257,G,104.4
OspA_protein_10,258,S,90.3
OspA_protein_10,259,P,58.5
OspA_protein_10,261,E,28.8
OspA_protein_10,263,K,50.2
OspA_protein_10,266,A,62.5
OspA_protein_11,27,K,100.7
OspA_protein_11,35,P,6.4
OspA_protein_11,36,G,50.8
OspA_protein_11,45,E,90.2
OspA_protein_11,46,K,58.1
OspA_protein_11,48,K,101.6
OspA_protein_11,49,D,70.1
OspA_protein_11,60,K,117.9
OspA_protein_11,70,S,52.2
OspA_protein_11,79,E,55.8
OspA_protein_11,92,Q,58.8
OspA_protein_11,93,D,67.4
OspA_protein_11,104,E,60.1
OspA_protein_11,105,D,58.7
OspA_protein_11,107,K,72.2
OspA_protein_11,112,R,30.9
OspA_protein_11,117,K,74.8
OspA_protein_11,118,D,57.8
OspA_protein_11,119,K,90.0
OspA_protein_11,128,D,91.6
OspA_protein_11,129,K,87.8
OspA_protein_11,139,R,15.5
OspA_protein_11,140,K,71.4
OspA_protein_11,151,Q,60.1
OspA_protein_11,152,N,85.5
OspA_protein_11,153,D,67.8
OspA_protein_11,163,A,60.4
OspA_protein_11,173,A,62.0
OspA_protein_11,174,D,78.3
OspA_protein_11,184,K,93.6
OspA_protein_11,185,T,40.3
OspA_protein_11,187,T,22.2
OspA_protein_11,194,K,97.9
OspA_protein_11,197,E,64.7
OspA_protein_11,203,K,73.3
OspA_protein_11,205,T,68.4
OspA_protein_11,206,D,20.3
OspA_protein_11,207,S,116.1
OspA_protein_11,208,S,50.4
OspA_protein_11,209,A,74.8
OspA_protein_11,210,D,53.1
OspA_protein_11,215,T,58.5
OspA_protein_11,218,S,57.5
OspA_protein_11,219,D,107.5
OspA_protein_11,228,N,67.1
OspA_protein_11,230,K,48.4
OspA_protein_11,239,K,93.3
OspA_protein_11,240,E,70.8
OspA_protein_11,249,N,28.6
OspA_protein_11,250,S,101.1
OspA_protein_11,251,A,54.2
OspA_protein_11,252,G,7.4
OspA_protein_11,253,N,90.6
OspA_protein_11,255,L,44.7
OspA_protein_11,256,E,47.8
OspA_protein_11,257,G,103.8
OspA_protein_11,258,S,88.2
OspA_protein_11,259,P,57.4
OspA_protein_11,263,K,66.3
OspA_protein_11,266,A,66.9
OspA_protein_12,27,K,99.2
OspA_protein_12,35,P,6.9
OspA_protein_12,36,G,26.2
OspA_protein_12,37,E,109.3
OspA_protein_12,45,E,90.0
OspA_protein_12,46,K,61.5
OspA_protein_12,48,K,102.2
OspA_protein_12,49,D,69.5
OspA_protein_12,60,K,116.6
OspA_protein_12,64,K,27.6
OspA_protein_12,70,S,53.3
OspA_protein_12,79,E,43.4
OspA_protein_12,81,S,117.6
OspA_protein_12,82,D,70.2
OspA_protein_12,83,K,55.9
OspA_protein_12,92,E,72.3
OspA_protein_12,104,E,70.9
OspA_protein_12,105,D,55.5
OspA_protein_12,107,K,68.6
OspA_protein_12,117,K,81.0
OspA_protein_12,118,D,66.8
OspA_protein_12,119,K,78.8
OspA_protein_12,129,K,95.0
OspA_protein_12,139,R,17.9
OspA_protein_12,141,N,48.3
OspA_protein_12,151,K,67.9
OspA_protein_12,152,S,96.5
OspA_protein_12,163,K,80.1
OspA_protein_12,164,D,48.3
OspA_protein_12,165,F,8.4
OspA_protein_12,173,A,70.0
OspA_protein_12,174,D,67.2
OspA_protein_12,183,G,94.3
OspA_protein_12,184,T,44.5
OspA_protein_12,193,N,90.2
OspA_protein_12,202,N,59.7
OspA_protein_12,204,S,81.5
OspA_protein_12,205,N,20.7
OspA_protein_12,206,S,106.7
OspA_protein_12,207,T,58.3
OspA_protein_12,208,Q,64.3
OspA_protein_12,209,A,54.6
OspA_protein_12,215,K,81.8
OspA_protein_12,217,D,31.6
OspA_protein_12,218,S,40.7
OspA_protein_12,219,N,109.9
OspA_protein_12,228,N,60.0
OspA_protein_12,229,S,102.8
OspA_protein_12,230,K,48.8
OspA_protein_12,239,K,100.1
OspA_protein_12,240,E,70.0
OspA_protein_12,241,D,6.5
OspA_protein_12,242,T,11.5
OspA_protein_12,249,D,21.2
OspA_protein_12,250,S,103.0
OspA_protein_12,251,A,59.3
OspA_protein_12,253,T,71.5
OspA_protein_12,254,N,73.7
OspA_protein_12,256,E,48.1
OspA_protein_12,257,G,92.2
OspA_protein_12,258,N,102.9
OspA_protein_12,261,E,29.9
OspA_protein_12,270,N,56.4
OspA_protein_13,27,K,98.9
OspA_protein_13,35,P,4.7
OspA_protein_13,36,G,54.2
OspA_protein_13,45,E,89.6
OspA_protein_13,46,K,61.2
OspA_protein_13,48,K,103.7
OspA_protein_13,49,D,68.3
OspA_protein_13,60,K,118.4
OspA_protein_13,62,E,45.5
OspA_protein_13,64,K,25.3
OspA_protein_13,69,K,40.8
OspA_protein_13,70,N,65.3
OspA_protein_13,79,E,54.0
OspA_protein_13,81,T,126.5
OspA_protein_13,82,D,75.8
OspA_protein_13,83,K,58.3
OspA_protein_13,92,E,71.7
OspA_protein_13,104,E,58.5
OspA_protein_13,105,D,58.1
OspA_protein_13,107,K,87.7
OspA_protein_13,108,T,19.7
OspA_protein_13,117,K,77.6
OspA_protein_13,128,E,99.4
OspA_protein_13,129,K,92.6
OspA_protein_13,144,R,42.1
OspA_protein_13,151,K,67.2
OspA_protein_13,152,S,74.0
OspA_protein_13,153,D,58.5
OspA_protein_13,154,K,70.9
OspA_protein_13,161,V,16.7
OspA_protein_13,163,K,83.1
OspA_protein_13,164,D,45.7
OspA_protein_13,173,A,51.6
OspA_protein_13,174,D,74.5
OspA_protein_13,176,K,39.5
OspA_protein_13,184,G,96.7
OspA_protein_13,185,T,46.1
OspA_protein_13,187,T,15.5
OspA_protein_13,194,K,93.7
OspA_protein_13,197,E,62.1
OspA_protein_13,203,D,64.9
OspA_protein_13,205,T,83.7
OspA_protein_13,207,S,118.6
OspA_protein_13,208,S,47.8
OspA_protein_13,209,G,78.7
OspA_protein_13,211,K,50.8
OspA_protein_13,219,G,100.7
OspA_protein_13,220,T,64.7
OspA_protein_13,228,N,77.1
OspA_protein_13,229,S,117.9
OspA_protein_13,230,Q,43.2
OspA_protein_13,231,K,45.5
OspA_protein_13,239,K,102.9
OspA_protein_13,240,E,69.8
OspA_protein_13,249,D,20.8
OspA_protein_13,250,S,108.6
OspA_protein_13,251,A,62.7
OspA_protein_13,253,T,70.8
OspA_protein_13,254,N,72.9
OspA_protein_13,256,E,50.7
OspA_protein_13,257,G,100.9
OspA_protein_13,258,K,101.3
OspA_protein_13,259,A,46.5
OspA_protein_13,261,E,36.7
OspA_protein_13,266,K,76.9
OspA_protein_14,27,K,98.7
OspA_protein_14,35,P,5.1
OspA_protein_14,36,G,53.6
OspA_protein_14,45,E,90.0
OspA_protein_14,46,K,60.0
OspA_protein_14,48,K,104.7
OspA_protein_14,49,D,69.2
OspA_protein_14,60,K,118.0
OspA_protein_14,62,E,46.0
OspA_protein_14,64,K,26.2
OspA_protein_14,69,K,40.8
OspA_protein_14,70,N,65.6
OspA_protein_14,79,E,53.8
OspA_protein_14,81,T,127.1
OspA_protein_14,82,D,74.8
OspA_protein_14,83,K,58.2
OspA_protein_14,92,E,71.5
OspA_protein_14,104,E,57.4
OspA_protein_14,105,D,58.6
OspA_protein_14,107,K,86.3
OspA_protein_14,108,T,20.2
OspA_protein_14,117,K,77.1
OspA_protein_14,128,E,99.6
OspA_protein_14,129,K,92.1
OspA_protein_14,144,R,41.3
OspA_protein_14,151,K,67.2
OspA_protein_14,152,S,72.9
OspA_protein_14,153,D,58.5
OspA_protein_14,154,K,71.1
OspA_protein_14,161,V,14.3
OspA_protein_14,163,K,82.3
OspA_protein_14,164,D,46.8
OspA_protein_14,173,A,52.3
OspA_protein_14,174,D,73.4
OspA_protein_14,176,K,40.5
OspA_protein_14,184,G,95.7
OspA_protein_14,185,T,46.4
OspA_protein_14,187,T,15.6
OspA_protein_14,191,N,5.3
OspA_protein_14,194,K,94.0
OspA_protein_14,197,E,62.6
OspA_protein_14,203,D,65.6
OspA_protein_14,205,T,82.9
OspA_protein_14,207,S,117.7
OspA_protein_14,208,S,48.3
OspA_protein_14,209,G,79.3
OspA_protein_14,211,K,50.2
OspA_protein_14,215,T,68.2
OspA_protein_14,217,D,45.8
OspA_protein_14,219,G,101.7
OspA_protein_14,220,T,65.2
OspA_protein_14,228,N,73.0
OspA_protein_14,229,R,118.5
OspA_protein_14,230,Q,41.5
OspA_protein_14,239,K,103.6
OspA_protein_14,240,E,70.1
OspA_protein_14,250,S,109.7
OspA_protein_14,251,A,62.2
OspA_protein_14,253,T,72.0
OspA_protein_14,254,N,72.6
OspA_protein_14,256,E,51.4
OspA_protein_14,257,G,100.6
OspA_protein_14,258,K,101.9
OspA_protein_14,261,E,34.9
OspA_protein_14,266,K,75.7
OspA_protein_15,27,K,99.0
OspA_protein_15,35,P,7.0
OspA_protein_15,36,G,53.6
OspA_protein_15,45,E,89.5
OspA_protein_15,46,K,60.4
OspA_protein_15,48,K,100.8
OspA_protein_15,49,D,68.4
OspA_protein_15,60,K,118.3
OspA_protein_15,62,E,50.9
OspA_protein_15,64,K,27.8
OspA_protein_15,69,K,41.1
OspA_protein_15,70,N,66.1
OspA_protein_15,79,E,54.1
OspA_protein_15,81,T,126.2
OspA_protein_15,82,D,75.4
OspA_protein_15,83,K,58.5
OspA_protein_15,92,E,71.7
OspA_protein_15,104,E,59.3
OspA_protein_15,105,D,58.2
OspA_protein_15,107,K,84.6
OspA_protein_15,108,T,19.5
OspA_protein_15,117,K,86.0
OspA_protein_15,128,E,100.1
OspA_protein_15,129,K,92.1
OspA_protein_15,144,R,39.5
OspA_protein_15,151,K,67.5
OspA_protein_15,152,S,72.7
OspA_protein_15,153,D,57.8
OspA_protein_15,154,K,71.0
OspA_protein_15,161,V,14.7
OspA_protein_15,163,K,84.3
OspA_protein_15,164,D,44.9
OspA_protein_15,173,A,52.2
OspA_protein_15,174,D,74.4
OspA_protein_15,176,K,39.9
OspA_protein_15,184,G,89.9
OspA_protein_15,185,T,46.0
OspA_protein_15,187,T,16.6
OspA_protein_15,197,E,62.0
OspA_protein_15,203,D,59.3
OspA_protein_15,205,T,75.0
OspA_protein_15,207,S,118.8
OspA_protein_15,208,S,46.6
OspA_protein_15,209,G,80.3
OspA_protein_15,211,K,49.2
OspA_protein_15,215,T,68.6
OspA_protein_15,217,D,45.4
OspA_protein_15,219,G,100.3
OspA_protein_15,220,T,65.4
OspA_protein_15,228,N,72.6
OspA_protein_15,229,R,118.1
OspA_protein_15,230,Q,41.1
OspA_protein_15,231,K,48.1
OspA_protein_15,232,N,32.7
OspA_protein_15,236,V,22.1
OspA_protein_15,239,K,102.4
OspA_protein_15,240,E,70.6
OspA_protein_15,242,T,8.5
OspA_protein_15,248,Y,8.4
OspA_protein_15,249,D,21.3
OspA_protein_15,250,S,109.9
OspA_protein_15,251,A,60.7
OspA_protein_15,252,G,7.8
OspA_protein_15,253,T,70.6
OspA_protein_15,254,N,73.0
OspA_protein_15,255,L,44.7
OspA_protein_15,256,E,52.5
OspA_protein_15,257,G,100.3
OspA_protein_15,258,T,91.4
OspA_protein_15,259,A,44.8
OspA_protein_15,261,E,36.2
OspA_protein_15,266,K,77.7
OspA_protein_15,270,D,32.5
OspA_protein_16,27,K,99.0
OspA_protein_16,35,P,7.0
OspA_protein_16,36,G,52.6
OspA_protein_16,45,E,89.8
OspA_protein_16,46,K,60.1
OspA_protein_16,48,K,98.3
OspA_protein_16,49,D,68.0
OspA_protein_16,60,K,116.5
OspA_protein_16,62,E,51.3
OspA_protein_16,64,K,28.6
OspA_protein_16,69,K,40.4
OspA_protein_16,70,N,65.7
OspA_protein_16,79,E,53.5
OspA_protein_16,81,T,127.2
OspA_protein_16,82,D,75.5
OspA_protein_16,83,K,58.3
OspA_protein_16,92,E,71.0
OspA_protein_16,104,E,57.3
OspA_protein_16,105,D,58.5
OspA_protein_16,107,K,75.0
OspA_protein_16,108,T,20.2
OspA_protein_16,117,K,85.5
OspA_protein_16,128,E,99.3
OspA_protein_16,129,K,92.5
OspA_protein_16,144,R,40.2
OspA_protein_16,151,K,67.5
OspA_protein_16,152,S,74.8
OspA_protein_16,153,D,58.9
OspA_protein_16,154,K,70.7
OspA_protein_16,161,V,15.8
OspA_protein_16,163,K,83.1
OspA_protein_16,164,D,45.9
OspA_protein_16,173,A,52.3
OspA_protein_16,174,D,74.8
OspA_protein_16,176,K,40.6
OspA_protein_16,184,G,96.0
OspA_protein_16,185,T,46.5
OspA_protein_16,187,T,16.0
OspA_protein_16,197,E,62.1
OspA_protein_16,203,D,65.7
OspA_protein_16,205,T,82.9
OspA_protein_16,207,S,118.1
OspA_protein_16,208,S,47.7
OspA_protein_16,209,G,78.9
OspA_protein_16,211,K,49.9
OspA_protein_16,219,G,101.5
OspA_protein_16,220,T,65.2
OspA_protein_16,228,N,76.9
OspA_protein_16,229,S,117.5
OspA_protein_16,230,Q,42.9
OspA_protein_16,231,K,45.7
OspA_protein_16,239,K,103.1
OspA_protein_16,240,E,70.1
OspA_protein_16,249,D,20.6
OspA_protein_16,250,S,108.7
OspA_protein_16,251,A,62.0
OspA_protein_16,253,T,71.8
OspA_protein_16,254,N,72.1
OspA_protein_16,256,E,51.1
OspA_protein_16,257,G,100.3
OspA_protein_16,258,K,101.9
OspA_protein_16,259,A,46.2
OspA_protein_16,261,E,36.7
OspA_protein_16,266,K,77.0
OspA_protein_17,27,K,99.1
OspA_protein_17,35,P,7.3
OspA_protein_17,36,G,52.8
OspA_protein_17,45,E,89.7
OspA_protein_17,46,K,60.2
OspA_protein_17,48,K,105.6
OspA_protein_17,49,D,68.7
OspA_protein_17,60,K,118.0
OspA_protein_17,62,E,45.6
OspA_protein_17,64,K,24.5
OspA_protein_17,70,N,65.8
OspA_protein_17,79,E,54.1
OspA_protein_17,81,T,126.7
OspA_protein_17,82,D,74.8
OspA_protein_17,83,K,57.9
OspA_protein_17,92,E,71.1
OspA_protein_17,104,E,57.6
OspA_protein_17,105,D,58.0
OspA_protein_17,107,K,92.1
OspA_protein_17,108,T,20.2
OspA_protein_17,117,K,83.1
OspA_protein_17,128,E,99.1
OspA_protein_17,129,K,92.3
OspA_protein_17,144,R,42.2
OspA_protein_17,151,K,66.8
OspA_protein_17,152,S,71.9
OspA_protein_17,153,D,58.7
OspA_protein_17,154,K,70.6
OspA_protein_17,161,V,16.1
OspA_protein_17,163,K,81.5
OspA_protein_17,164,D,47.6
OspA_protein_17,173,A,52.1
OspA_protein_17,174,D,72.8
OspA_protein_17,176,K,40.6
OspA_protein_17,184,G,95.9
OspA_protein_17,185,T,46.8
OspA_protein_17,187,T,15.7
OspA_protein_17,194,K,93.2
OspA_protein_17,197,E,62.4
OspA_protein_17,203,D,65.3
OspA_protein_17,205,T,83.4
OspA_protein_17,207,S,117.4
OspA_protein_17,208,S,49.0
OspA_protein_17,209,G,78.4
OspA_protein_17,211,K,48.9
OspA_protein_17,219,G,102.0
OspA_protein_17,220,T,65.0
OspA_protein_17,228,N,77.4
OspA_protein_17,229,S,117.4
OspA_protein_17,230,Q,42.7
OspA_protein_17,231,K,45.8
OspA_protein_17,239,K,104.1
OspA_protein_17,240,E,70.0
OspA_protein_17,250,S,109.3
OspA_protein_17,251,A,62.3
OspA_protein_17,253,T,72.0
OspA_protein_17,254,N,72.8
OspA_protein_17,256,E,51.9
OspA_protein_17,257,G,100.9
OspA_protein_17,258,K,101.3
OspA_protein_17,261,E,35.0
OspA_protein_17,266,K,75.5
OspA_protein_18,27,K,99.4
OspA_protein_18,31,S,58.8
OspA_protein_18,35,P,5.1
OspA_protein_18,36,G,49.6
OspA_protein_18,45,E,89.6
OspA_protein_18,46,K,59.6
OspA_protein_18,48,K,103.1
OspA_protein_18,49,D,70.3
OspA_protein_18,55,E,4.4
OspA_protein_18,60,K,116.6
OspA_protein_18,62,E,50.8
OspA_protein_18,64,K,19.5
OspA_protein_18,70,N,66.2
OspA_protein_18,79,E,54.5
OspA_protein_18,81,T,126.9
OspA_protein_18,82,D,75.4
OspA_protein_18,83,K,58.0
OspA_protein_18,92,D,62.7
OspA_protein_18,104,E,58.9
OspA_protein_18,105,D,57.4
OspA_protein_18,107,K,79.9
OspA_protein_18,108,T,19.9
OspA_protein_18,117,K,78.3
OspA_protein_18,128,E,98.9
OspA_protein_18,129,K,91.9
OspA_protein_18,144,R,42.4
OspA_protein_18,151,K,69.6
OspA_protein_18,152,S,86.1
OspA_protein_18,161,V,15.0
OspA_protein_18,163,K,83.6
OspA_protein_18,164,D,47.2
OspA_protein_18,173,A,61.9
OspA_protein_18,174,D,75.0
OspA_protein_18,184,G,96.0
OspA_protein_18,185,T,46.9
OspA_protein_18,186,V,0.9
OspA_protein_18,197,E,54.4
OspA_protein_18,203,D,69.4
OspA_protein_18,205,S,73.6
OspA_protein_18,206,D,16.1
OspA_protein_18,207,T,107.8
OspA_protein_18,208,T,57.8
OspA_protein_18,209,Q,77.0
OspA_protein_18,210,A,62.8
OspA_protein_18,212,K,32.2
OspA_protein_18,220,K,108.4
OspA_protein_18,230,S,94.8
OspA_protein_18,231,Q,47.0
OspA_protein_18,232,K,42.1
OspA_protein_18,241,E,71.0
OspA_protein_18,243,T,8.0
OspA_protein_18,250,D,11.9
OspA_protein_18,251,S,106.8
OspA_protein_18,252,A,64.4
OspA_protein_18,253,G,7.1
OspA_protein_18,254,T,71.0
OspA_protein_18,255,N,72.1
OspA_protein_18,257,E,56.8
OspA_protein_18,258,G,100.5
OspA_protein_18,259,K,102.7
OspA_protein_18,262,E,35.9
OspA_protein_18,267,K,75.8
OspA_protein_19,27,K,100.1
OspA_protein_19,35,P,7.2
OspA_protein_19,36,G,53.6
OspA_protein_19,45,E,89.5
OspA_protein_19,46,K,59.9
OspA_protein_19,48,K,97.5
OspA_protein_19,49,D,70.2
OspA_protein_19,60,K,117.2
OspA_protein_19,64,K,27.1
OspA_protein_19,70,N,66.9
OspA_protein_19,79,E,55.0
OspA_protein_19,81,T,126.6
OspA_protein_19,82,D,74.6
OspA_protein_19,83,K,58.1
OspA_protein_19,92,D,62.6
OspA_protein_19,104,E,58.5
OspA_protein_19,105,D,57.4
OspA_protein_19,107,K,72.4
OspA_protein_19,108,T,19.9
OspA_protein_19,117,K,83.6
OspA_protein_19,128,E,99.6
OspA_protein_19,129,K,94.3
OspA_protein_19,144,R,42.2
OspA_protein_19,151,K,69.7
OspA_protein_19,152,S,86.8
OspA_protein_19,161,V,15.8
OspA_protein_19,163,K,82.4
OspA_protein_19,164,D,46.9
OspA_protein_19,173,A,62.2
OspA_protein_19,174,D,73.9
OspA_protein_19,184,G,96.3
OspA_protein_19,185,T,45.6
OspA_protein_19,186,V,1.4
OspA_protein_19,197,E,54.8
OspA_protein_19,203,D,69.7
OspA_protein_19,205,S,73.6
OspA_protein_19,206,D,16.7
OspA_protein_19,207,T,107.9
OspA_protein_19,208,T,59.0
OspA_protein_19,209,Q,77.7
OspA_protein_19,210,A,61.9
OspA_protein_19,212,K,33.2
OspA_protein_19,220,K,108.8
OspA_protein_19,230,S,96.3
OspA_protein_19,231,Q,46.8
OspA_protein_19,232,K,42.8
OspA_protein_19,241,E,70.8
OspA_protein_19,243,T,7.8
OspA_protein_19,250,D,11.3
OspA_protein_19,251,S,106.3
OspA_protein_19,252,A,64.3
OspA_protein_19,253,G,6.8
OspA_protein_19,254,T,69.4
OspA_protein_19,255,N,72.5
OspA_protein_19,257,E,57.6
OspA_protein_19,258,G,101.3
OspA_protein_19,259,K,101.4
OspA_protein_19,262,E,35.4
OspA_protein_19,267,K,75.1
OspA_protein_20,27,K,100.5
OspA_protein_20,35,P,4.7
OspA_protein_20,36,G,53.1
OspA_protein_20,45,E,89.5
OspA_protein_20,46,K,59.9
OspA_protein_20,48,K,95.0
OspA_protein_20,49,D,68.0
OspA_protein_20,60,K,116.6
OspA_protein_20,62,E,43.8
OspA_protein_20,64,K,27.2
OspA_protein_20,70,N,67.4
OspA_protein_20,79,E,54.6
OspA_protein_20,81,T,126.9
OspA_protein_20,82,D,75.6
OspA_protein_20,83,K,58.5
OspA_protein_20,92,D,62.6
OspA_protein_20,104,E,58.3
OspA_protein_20,105,D,57.8
OspA_protein_20,107,K,68.4
OspA_protein_20,108,T,19.9
OspA_protein_20,117,K,78.6
OspA_protein_20,128,E,98.8
OspA_protein_20,129,K,93.9
OspA_protein_20,144,R,44.3
OspA_protein_20,151,K,59.8
OspA_protein_20,152,S,87.6
OspA_protein_20,161,V,15.8
OspA_protein_20,163,K,84.7
OspA_protein_20,164,D,43.0
OspA_protein_20,173,A,61.1
OspA_protein_20,174,D,74.3
OspA_protein_20,183,E,19.8
OspA_protein_20,184,G,95.7
OspA_protein_20,185,T,45.3
OspA_protein_20,186,V,1.3
OspA_protein_20,197,E,54.6
OspA_protein_20,203,D,69.5
OspA_protein_20,205,S,75.2
OspA_protein_20,206,D,16.6
OspA_protein_20,207,T,107.9
OspA_protein_20,208,T,59.2
OspA_protein_20,209,Q,77.8
OspA_protein_20,210,A,61.7
OspA_protein_20,212,K,32.8
OspA_protein_20,220,K,108.6
OspA_protein_20,229,N,54.7
OspA_protein_20,230,S,96.4
OspA_protein_20,231,Q,46.4
OspA_protein_20,232,K,42.7
OspA_protein_20,241,E,71.4
OspA_protein_20,243,T,7.6
OspA_protein_20,250,D,11.6
OspA_protein_20,251,S,106.9
OspA_protein_20,252,A,64.7
OspA_protein_20,253,G,6.9
OspA_protein_20,254,T,69.8
OspA_protein_20,255,N,72.5
OspA_protein_20,257,E,58.4
OspA_protein_20,258,G,100.4
OspA_protein_20,259,K,101.1
OspA_protein_20,262,E,35.0
OspA_protein_20,267,E,57.2
OspA_protein_21,27,K,100.1
OspA_protein_21,35,P,5.2
OspA_protein_21,36,G,52.6
OspA_protein_21,45,E,88.8
OspA_protein_21,46,K,59.6
OspA_protein_21,48,K,97.5
OspA_protein_21,49,D,69.1
OspA_protein_21,60,K,117.3
OspA_protein_21,62,E,46.0
OspA_protein_21,64,K,27.4
OspA_protein_21,70,N,66.5
OspA_protein_21,79,E,54.6
OspA_protein_21,81,T,127.4
OspA_protein_21,82,D,75.5
OspA_protein_21,83,K,57.7
OspA_protein_21,92,E,71.3
OspA_protein_21,104,E,58.4
OspA_protein_21,105,D,58.0
OspA_protein_21,107,K,74.1
OspA_protein_21,108,T,19.8
OspA_protein_21,117,K,78.2
OspA_protein_21,128,E,100.4
OspA_protein_21,129,K,94.2
OspA_protein_21,144,R,42.6
OspA_protein_21,151,K,59.4
OspA_protein_21,152,S,86.9
OspA_protein_21,163,K,85.0
OspA_protein_21,164,D,43.9
OspA_protein_21,173,A,60.5
OspA_protein_21,174,D,73.0
OspA_protein_21,183,E,19.7
OspA_protein_21,184,G,95.9
OspA_protein_21,185,T,45.9
OspA_protein_21,186,V,1.3
OspA_protein_21,197,E,53.8
OspA_protein_21,203,D,69.4
OspA_protein_21,205,S,74.0
OspA_protein_21,206,D,15.9
OspA_protein_21,207,T,107.9
OspA_protein_21,208,T,58.7
OspA_protein_21,209,Q,77.6
OspA_protein_21,210,A,62.2
OspA_protein_21,212,K,32.8
OspA_protein_21,220,K,109.4
OspA_protein_21,229,N,55.0
OspA_protein_21,230,S,94.8
OspA_protein_21,231,Q,46.7
OspA_protein_21,232,K,43.0
OspA_protein_21,241,E,70.3
OspA_protein_21,243,T,8.1
OspA_protein_21,250,D,11.6
OspA_protein_21,251,S,106.9
OspA_protein_21,252,A,65.3
OspA_protein_21,254,T,70.5
OspA_protein_21,255,N,72.7
OspA_protein_21,257,E,56.6
OspA_protein_21,258,G,101.9
OspA_protein_21,259,K,100.3
OspA_protein_21,262,E,34.8
OspA_protein_21,267,E,58.0
OspA_protein_22,26,E,100.5
OspA_protein_22,27,K,100.1
OspA_protein_22,35,P,7.4
OspA_protein_22,36,G,26.0
OspA_protein_22,37,E,107.2
OspA_protein_22,45,E,90.0
OspA_protein_22,46,K,58.8
OspA_protein_22,48,K,101.4
OspA_protein_22,49,D,69.7
OspA_protein_22,55,E,6.2
OspA_protein_22,60,K,117.7
OspA_protein_22,62,E,52.9
OspA_protein_22,70,N,66.2
OspA_protein_22,83,K,64.9
OspA_protein_22,92,D,63.0
OspA_protein_22,104,E,59.2
OspA_protein_22,105,D,53.0
OspA_protein_22,107,K,68.1
OspA_protein_22,108,T,19.4
OspA_protein_22,117,K,83.8
OspA_protein_22,128,D,92.3
OspA_protein_22,129,K,90.0
OspA_protein_22,141,N,49.0
OspA_protein_22,144,R,38.2
OspA_protein_22,151,Q,59.9
OspA_protein_22,152,N,88.1
OspA_protein_22,153,D,68.3
OspA_protein_22,155,S,23.6
OspA_protein_22,157,K,53.0
OspA_protein_22,161,V,16.6
OspA_protein_22,163,K,91.5
OspA_protein_22,166,T,33.5
OspA_protein_22,168,E,53.8
OspA_protein_22,172,T,31.0
OspA_protein_22,173,A,63.4
OspA_protein_22,174,D,82.4
OspA_protein_22,176,E,30.1
OspA_protein_22,182,E,70.5
OspA_protein_22,185,T,38.3
OspA_protein_22,191,N,7.4
OspA_protein_22,194,E,98.2
OspA_protein_22,195,S,101.9
OspA_protein_22,201,E,28.8
OspA_protein_22,203,K,58.1
OspA_protein_22,205,T,73.7
OspA_protein_22,206,E,20.8
OspA_protein_22,207,T,100.6
OspA_protein_22,208,T,48.3
OspA_protein_22,209,P,90.3
OspA_protein_22,210,A,44.0
OspA_protein_22,212,K,43.9
OspA_protein_22,220,K,108.4
OspA_protein_22,229,N,62.3
OspA_protein_22,230,S,117.6
OspA_protein_22,231,Q,43.7
OspA_protein_22,240,K,100.9
OspA_protein_22,241,E,72.0
OspA_protein_22,250,N,16.3
OspA_protein_22,251,T,105.9
OspA_protein_22,252,A,58.4
OspA_protein_22,254,T,77.0
OspA_protein_22,256,L,42.6
OspA_protein_22,257,E,57.4
OspA_protein_22,258,G,104.5
OspA_protein_22,259,S,89.3
OspA_protein_22,260,P,57.1
OspA_protein_22,262,E,29.3
OspA_protein_22,264,K,58.0
OspA_protein_22,267,E,64.4
OspA_protein_23,27,K,99.7
OspA_protein_23,35,P,6.6
OspA_protein_23,36,G,25.0
OspA_protein_23,37,E,113.7
OspA_protein_23,45,E,89.8
OspA_protein_23,46,K,60.6
OspA_protein_23,48,K,96.8
OspA_protein_23,49,D,68.6
OspA_protein_23,60,K,117.3
OspA_protein_23,70,N,66.5
OspA_protein_23,79,E,56.5
OspA_protein_23,81,T,127.5
OspA_protein_23,83,K,58.6
OspA_protein_23,92,D,63.6
OspA_protein_23,104,E,59.7
OspA_protein_23,105,D,56.2
OspA_protein_23,107,K,73.6
OspA_protein_23,112,R,29.3
OspA_protein_23,117,K,81.2
OspA_protein_23,118,D,65.7
OspA_protein_23,119,K,84.2
OspA_protein_23,129,K,94.3
OspA_protein_23,131,E,35.1
OspA_protein_23,139,R,22.3
OspA_protein_23,141,N,39.0
OspA_protein_23,144,R,40.4
OspA_protein_23,152,S,93.3
OspA_protein_23,153,D,62.2
OspA_protein_23,155,S,12.5
OspA_protein_23,168,E,67.0
OspA_protein_23,173,A,60.7
OspA_protein_23,174,D,70.9
OspA_protein_23,184,G,81.6
OspA_protein_23,185,T,45.3
OspA_protein_23,205,T,87.9
OspA_protein_23,206,S,16.8
OspA_protein_23,207,S,94.0
OspA_protein_23,208,G,85.4
OspA_protein_23,209,S,60.3
OspA_protein_23,211,K,44.9
OspA_protein_23,219,T,115.7
OspA_protein_23,228,D,61.4
OspA_protein_23,229,S,119.1
OspA_protein_23,230,K,43.0
OspA_protein_23,231,K,45.2
OspA_protein_23,239,T,92.0
OspA_protein_23,240,D,49.4
OspA_protein_23,242,T,2.1
OspA_protein_23,244,T,9.1
OspA_protein_23,249,D,12.6
OspA_protein_23,250,T,102.1
OspA_protein_23,251,A,57.8
OspA_protein_23,252,G,8.0
OspA_protein_23,253,T,73.4
OspA_protein_23,254,K,84.9
OspA_protein_23,255,L,45.8
OspA_protein_23,256,E,55.5
OspA_protein_23,258,T,93.3
OspA_protein_23,266,T,77.4
OspA_protein_23,270,T,56.8
OspA_protein_24,35,P,5.6
OspA_protein_24,36,G,22.4
OspA_protein_24,37,E,108.9
OspA_protein_24,46,K,59.0
OspA_protein_24,48,K,94.1
OspA_protein_24,49,D,67.6
OspA_protein_24,60,K,117.4
OspA_protein_24,70,S,52.5
OspA_protein_24,81,T,126.6
OspA_protein_24,83,K,64.0
OspA_protein_24,92,D,62.1
OspA_protein_24,104,E,58.9
OspA_protein_24,105,D,62.5
OspA_protein_24,107,T,70.6
OspA_protein_24,108,T,18.1
OspA_protein_24,117,K,79.5
OspA_protein_24,129,K,95.7
OspA_protein_24,151,K,77.0
OspA_protein_24,152,N,107.1
OspA_protein_24,162,K,63.6
OspA_protein_24,172,A,71.7
OspA_protein_24,173,D,73.9
OspA_protein_24,183,G,103.0
OspA_protein_24,184,T,45.9
OspA_protein_24,204,T,88.7
OspA_protein_24,205,A,16.5
OspA_protein_24,206,S,94.9
OspA_protein_24,207,G,87.2
OspA_protein_24,208,S,58.9
OspA_protein_24,210,K,46.4
OspA_protein_24,218,T,115.0
OspA_protein_24,227,D,60.9
OspA_protein_24,228,S,119.0
OspA_protein_24,229,K,44.5
OspA_protein_24,230,K,45.3
OspA_protein_24,235,V,15.5
OspA_protein_24,238,T,90.2
OspA_protein_24,239,D,45.1
OspA_protein_24,241,T,0.7
OspA_protein_24,243,T,8.2
OspA_protein_24,248,D,30.5
OspA_protein_24,249,T,108.0
OspA_protein_24,250,A,55.6
OspA_protein_24,251,G,7.9
OspA_protein_24,252,T,74.9
OspA_protein_24,253,T,67.8
OspA_protein_24,254,L,47.4
OspA_protein_24,257,T,92.3
OspA_protein_24,260,E,31.5
OspA_protein_24,262,K,53.9
OspA_protein_24,265,T,76.3
OspA_protein_24,269,T,57.8
OspA_protein_25,27,K,99.8
OspA_protein_25,35,P,6.7
OspA_protein_25,36,G,24.6
OspA_protein_25,37,E,112.4
OspA_protein_25,45,E,88.6
OspA_protein_25,46,K,59.5
OspA_protein_25,48,K,97.4
OspA_protein_25,49,D,68.8
OspA_protein_25,60,K,117.0
OspA_protein_25,70,N,67.5
OspA_protein_25,79,E,56.7
OspA_protein_25,81,T,128.0
OspA_protein_25,83,K,58.7
OspA_protein_25,92,D,62.4
OspA_protein_25,104,E,58.7
OspA_protein_25,105,D,55.9
OspA_protein_25,107,K,69.9
OspA_protein_25,112,R,29.7
OspA_protein_25,117,K,81.0
OspA_protein_25,118,D,66.4
OspA_protein_25,119,K,82.9
OspA_protein_25,129,K,94.3
OspA_protein_25,131,E,34.8
OspA_protein_25,139,R,22.0
OspA_protein_25,141,N,38.1
OspA_protein_25,144,R,40.3
OspA_protein_25,152,S,91.7
OspA_protein_25,153,D,61.5
OspA_protein_25,155,S,11.3
OspA_protein_25,168,E,64.9
OspA_protein_25,173,A,61.4
OspA_protein_25,174,D,76.3
OspA_protein_25,184,G,80.7
OspA_protein_25,185,T,45.1
OspA_protein_25,205,T,87.4
OspA_protein_25,206,S,17.9
OspA_protein_25,207,S,93.9
OspA_protein_25,208,G,86.9
OspA_protein_25,209,S,62.8
OspA_protein_25,211,K,43.8
OspA_protein_25,219,T,114.3
OspA_protein_25,228,D,52.6
OspA_protein_25,229,S,117.9
OspA_protein_25,230,K,41.8
OspA_protein_25,231,K,45.2
OspA_protein_25,239,T,91.7
OspA_protein_25,240,D,50.0
OspA_protein_25,242,T,1.7
OspA_protein_25,244,T,8.4
OspA_protein_25,250,K,111.5
OspA_protein_25,251,A,58.7
OspA_protein_25,253,T,74.5
OspA_protein_25,254,K,84.2
OspA_protein_25,255,L,46.8
OspA_protein_25,256,E,50.8
OspA_protein_25,257,G,102.4
OspA_protein_25,258,T,91.4
OspA_protein_25,266,T,76.7
OspA_protein_25,270,T,55.8
OspA_protein_26,26,E,101.4
OspA_protein_26,27,K,100.3
OspA_protein_26,35,P,6.8
OspA_protein_26,36,G,25.6
OspA_protein_26,37,E,114.2
OspA_protein_26,45,E,89.0
OspA_protein_26,46,K,59.7
OspA_protein_26,48,K,94.8
OspA_protein_26,49,D,68.2
OspA_protein_26,60,K,114.1
OspA_protein_26,64,K,26.9
OspA_protein_26,70,S,53.3
OspA_protein_26,81,T,113.3
OspA_protein_26,83,K,63.6
OspA_protein_26,92,D,62.4
OspA_protein_26,104,E,59.4
OspA_protein_26,105,D,56.8
OspA_protein_26,107,K,69.2
OspA_protein_26,112,R,31.8
OspA_protein_26,117,K,80.2
OspA_protein_26,118,D,67.0
OspA_protein_26,119,K,84.7
OspA_protein_26,129,K,96.1
OspA_protein_26,139,R,17.5
OspA_protein_26,141,N,48.8
OspA_protein_26,151,K,68.8
OspA_protein_26,152,S,94.9
OspA_protein_26,153,D,71.0
OspA_protein_26,163,K,82.0
OspA_protein_26,165,F,5.7
OspA_protein_26,173,A,51.9
OspA_protein_26,174,D,86.2
OspA_protein_26,183,G,103.9
OspA_protein_26,184,T,46.4
OspA_protein_26,196,E,60.7
OspA_protein_26,202,N,59.2
OspA_protein_26,204,T,74.1
OspA_protein_26,206,S,118.2
OspA_protein_26,207,S,51.7
OspA_protein_26,208,G,77.0
OspA_protein_26,210,K,50.7
OspA_protein_26,214,Q,77.2
OspA_protein_26,218,S,91.4
OspA_protein_26,227,N,71.6
OspA_protein_26,228,N,123.7
OspA_protein_26,229,K,37.1
OspA_protein_26,230,K,44.3
OspA_protein_26,238,K,101.0
OspA_protein_26,239,Q,74.1
OspA_protein_26,241,T,12.2
OspA_protein_26,249,S,97.7
OspA_protein_26,250,A,89.1
OspA_protein_26,251,A,51.7
OspA_protein_26,252,G,2.3
OspA_protein_26,253,T,72.9
OspA_protein_26,255,L,39.4
OspA_protein_26,256,E,55.2
OspA_protein_26,257,G,105.3
OspA_protein_26,258,S,87.9
OspA_protein_26,261,E,32.6
OspA_protein_26,266,D,68.2
OspA_protein_26,270,N,56.9
OspA_protein_27,26,E,101.6
OspA_protein_27,27,K,99.2
OspA_protein_27,35,P,5.4
OspA_protein_27,36,G,24.3
OspA_protein_27,37,E,107.4
OspA_protein_27,45,E,88.8
OspA_protein_27,46,K,60.0
OspA_protein_27,48,K,102.3
OspA_protein_27,49,D,67.6
OspA_protein_27,60,R,117.8
OspA_protein_27,62,E,47.3
OspA_protein_27,64,K,27.5
OspA_protein_27,70,N,66.7
OspA_protein_27,79,E,56.8
OspA_protein_27,81,T,127.1
OspA_protein_27,83,K,56.7
OspA_protein_27,92,N,69.0
OspA_protein_27,104,E,57.9
OspA_protein_27,105,D,61.6
OspA_protein_27,107,T,74.9
OspA_protein_27,108,T,18.3
OspA_protein_27,117,K,79.6
OspA_protein_27,128,A,85.4
OspA_protein_27,129,K,90.9
OspA_protein_27,139,R,23.2
OspA_protein_27,141,N,39.1
OspA_protein_27,144,R,49.1
OspA_protein_27,151,K,69.8
OspA_protein_27,152,N,83.9
OspA_protein_27,163,K,64.5
OspA_protein_27,164,D,47.8
OspA_protein_27,168,E,59.9
OspA_protein_27,173,A,65.4
OspA_protein_27,174,D,72.5
OspA_protein_27,184,G,104.8
OspA_protein_27,185,T,46.5
OspA_protein_27,203,D,45.6
OspA_protein_27,205,T,89.1
OspA_protein_27,206,A,14.0
OspA_protein_27,207,S,93.7
OspA_protein_27,208,G,88.6
OspA_protein_27,209,S,60.4
OspA_protein_27,211,K,45.2
OspA_protein_27,218,D,60.2
OspA_protein_27,219,T,109.9
OspA_protein_27,228,D,57.2
OspA_protein_27,229,S,118.8
OspA_protein_27,230,K,44.3
OspA_protein_27,231,K,44.9
OspA_protein_27,239,T,91.2
OspA_protein_27,240,D,49.8
OspA_protein_27,242,T,0.4
OspA_protein_27,244,T,8.0
OspA_protein_27,249,N,15.8
OspA_protein_27,250,T,104.6
OspA_protein_27,251,A,58.0
OspA_protein_27,253,T,75.6
OspA_protein_27,254,K,83.3
OspA_protein_27,255,L,45.8
OspA_protein_27,256,E,56.1
OspA_protein_27,257,G,107.5
OspA_protein_27,258,S,86.2
OspA_protein_27,259,A,45.6
OspA_protein_27,261,E,35.7
OspA_protein_27,266,N,77.1
OspA_protein_27,270,D,55.9
OspA_protein_28,27,K,99.6
OspA_protein_28,35,P,7.4
OspA_protein_28,36,G,24.7
OspA_protein_28,37,E,114.2
OspA_protein_28,45,E,89.7
OspA_protein_28,46,K,60.4
OspA_protein_28,48,K,96.4
OspA_protein_28,49,D,69.0
OspA_protein_28,60,K,117.2
OspA_protein_28,70,N,65.8
OspA_protein_28,79,E,57.2
OspA_protein_28,81,T,127.3
OspA_protein_28,83,K,58.9
OspA_protein_28,92,D,64.2
OspA_protein_28,104,E,59.2
OspA_protein_28,105,D,56.4
OspA_protein_28,107,K,71.8
OspA_protein_28,112,R,30.2
OspA_protein_28,117,K,78.8
OspA_protein_28,118,D,67.6
OspA_protein_28,119,K,83.9
OspA_protein_28,129,K,93.4
OspA_protein_28,131,E,34.0
OspA_protein_28,139,R,23.1
OspA_protein_28,141,N,41.0
OspA_protein_28,144,R,40.1
OspA_protein_28,152,S,92.1
OspA_protein_28,153,D,62.1
OspA_protein_28,155,S,11.6
OspA_protein_28,168,E,62.9
OspA_protein_28,173,A,58.8
OspA_protein_28,174,D,72.1
OspA_protein_28,184,G,80.8
OspA_protein_28,185,T,43.4
OspA_protein_28,205,T,85.8
OspA_protein_28,206,S,17.4
OspA_protein_28,207,S,94.4
OspA_protein_28,208,G,85.7
OspA_protein_28,209,S,59.7
OspA_protein_28,211,K,42.9
OspA_protein_28,219,T,116.7
OspA_protein_28,228,D,60.9
OspA_protein_28,229,S,118.7
OspA_protein_28,230,K,44.3
OspA_protein_28,231,K,45.4
OspA_protein_28,239,T,93.0
OspA_protein_28,240,D,45.3
OspA_protein_28,242,T,2.8
OspA_protein_28,244,T,9.8
OspA_protein_28,250,T,108.4
OspA_protein_28,251,A,57.6
OspA_protein_28,252,G,7.6
OspA_protein_28,253,T,74.2
OspA_protein_28,254,K,85.6
OspA_protein_28,255,L,48.4
OspA_protein_28,256,A,35.2
OspA_protein_28,258,T,90.0
OspA_protein_28,261,E,32.1
OspA_protein_28,263,K,58.0
OspA_protein_28,266,T,76.5
OspA_protein_28,270,T,56.7
OspA_protein_29,27,K,99.4
OspA_protein_29,35,P,6.5
OspA_protein_29,36,G,23.2
OspA_protein_29,37,E,112.8
OspA_protein_29,45,E,88.9
OspA_protein_29,46,K,60.1
OspA_protein_29,48,K,96.6
OspA_protein_29,49,D,67.8
OspA_protein_29,60,K,117.4
OspA_protein_29,70,S,53.5
OspA_protein_29,81,T,125.0
OspA_protein_29,92,D,62.9
OspA_protein_29,104,E,59.3
OspA_protein_29,105,D,55.2
OspA_protein_29,107,K,64.0
OspA_protein_29,112,R,29.8
OspA_protein_29,117,K,79.4
OspA_protein_29,118,D,66.5
OspA_protein_29,119,K,82.5
OspA_protein_29,129,K,94.2
OspA_protein_29,139,R,17.2
OspA_protein_29,141,N,51.3
OspA_protein_29,151,K,68.9
OspA_protein_29,152,S,94.9
OspA_protein_29,163,K,81.2
OspA_protein_29,168,E,55.5
OspA_protein_29,173,A,52.5
OspA_protein_29,174,D,86.6
OspA_protein_29,175,K,39.4
OspA_protein_29,181,Q,70.5
OspA_protein_29,184,T,43.8
OspA_protein_29,186,T,21.6
OspA_protein_29,196,E,61.8
OspA_protein_29,202,N,58.3
OspA_protein_29,204,T,72.5
OspA_protein_29,206,S,118.6
OspA_protein_29,207,S,53.4
OspA_protein_29,208,G,82.6
OspA_protein_29,210,K,48.0
OspA_protein_29,214,Q,75.7
OspA_protein_29,218,S,94.9
OspA_protein_29,219,T,59.1
OspA_protein_29,227,K,63.5
OspA_protein_29,228,N,129.3
OspA_protein_29,229,K,49.3
OspA_protein_29,230,K,46.3
OspA_protein_29,238,K,104.3
OspA_protein_29,239,Q,84.8
OspA_protein_29,241,T,12.6
OspA_protein_29,247,Y,9.5
OspA_protein_29,248,N,19.1
OspA_protein_29,249,S,99.9
OspA_protein_29,250,A,51.4
OspA_protein_29,251,G,6.9
OspA_protein_29,252,T,83.7
OspA_protein_29,254,L,45.2
OspA_protein_29,255,E,59.7
OspA_protein_29,256,G,107.8
OspA_protein_29,257,S,85.8
OspA_protein_29,260,E,32.9
OspA_protein_29,265,D,71.7
OspA_protein_29,269,N,54.9
OspA_protein_30,26,E,104.7
OspA_protein_30,35,P,6.8
OspA_protein_30,36,G,24.5
OspA_protein_30,37,E,114.1
OspA_protein_30,46,K,59.2
OspA_protein_30,48,K,94.5
OspA_protein_30,49,D,66.2
OspA_protein_30,60,K,117.4
OspA_protein_30,70,S,53.9
OspA_protein_30,81,T,124.7
OspA_protein_30,92,D,62.8
OspA_protein_30,104,E,58.9
OspA_protein_30,105,D,55.2
OspA_protein_30,107,K,64.0
OspA_protein_30,112,R,29.4
OspA_protein_30,117,K,80.0
OspA_protein_30,118,D,66.8
OspA_protein_30,119,K,83.1
OspA_protein_30,129,K,94.2
OspA_protein_30,139,R,17.3
OspA_protein_30,141,N,50.1
OspA_protein_30,151,K,68.3
OspA_protein_30,152,S,94.8
OspA_protein_30,163,K,81.4
OspA_protein_30,165,F,5.6
OspA_protein_30,173,A,51.7
OspA_protein_30,174,D,86.6
OspA_protein_30,181,Q,71.5
OspA_protein_30,183,G,81.2
OspA_protein_30,184,T,44.4
OspA_protein_30,186,T,21.3
OspA_protein_30,196,E,61.3
OspA_protein_30,202,N,58.7
OspA_protein_30,204,T,73.1
OspA_protein_30,206,S,118.6
OspA_protein_30,207,S,52.5
OspA_protein_30,208,G,80.7
OspA_protein_30,210,K,49.2
OspA_protein_30,214,Q,76.0
OspA_protein_30,218,S,94.1
OspA_protein_30,227,K,64.0
OspA_protein_30,228,N,129.7
OspA_protein_30,229,K,50.2
OspA_protein_30,230,K,46.0
OspA_protein_30,238,K,101.3
OspA_protein_30,239,Q,75.1
OspA_protein_30,241,T,12.5
OspA_protein_30,247,Y,7.6
OspA_protein_30,248,D,21.1
OspA_protein_30,249,S,102.0
OspA_protein_30,250,A,59.6
OspA_protein_30,251,G,8.4
OspA_protein_30,252,T,71.0
OspA_protein_30,253,N,72.8
OspA_protein_30,255,E,50.0
OspA_protein_30,256,G,105.2
OspA_protein_30,257,S,85.3
OspA_protein_30,260,E,33.1
OspA_protein_30,269,N,57.4
OspA_protein_31,35,P,6.6
OspA_protein_31,36,G,29.4
OspA_protein_31,37,E,116.1
OspA_protein_31,45,E,89.8
OspA_protein_31,46,K,59.9
OspA_protein_31,48,K,98.4
OspA_protein_31,49,D,69.4
OspA_protein_31,60,K,117.1
OspA_protein_31,70,S,53.3
OspA_protein_31,81,T,125.8
OspA_protein_31,92,D,62.7
OspA_protein_31,104,E,59.3
OspA_protein_31,105,D,54.8
OspA_protein_31,107,K,70.2
OspA_protein_31,112,R,29.7
OspA_protein_31,117,K,80.1
OspA_protein_31,118,D,67.3
OspA_protein_31,119,K,87.9
OspA_protein_31,129,K,94.7
OspA_protein_31,139,R,17.5
OspA_protein_31,141,N,48.1
OspA_protein_31,151,K,68.3
OspA_protein_31,152,S,92.9
OspA_protein_31,163,K,82.4
OspA_protein_31,165,F,5.7
OspA_protein_31,173,A,53.0
OspA_protein_31,174,D,86.5
OspA_protein_31,175,K,39.7
OspA_protein_31,181,Q,71.2
OspA_protein_31,183,G,81.7
OspA_protein_31,184,T,44.4
OspA_protein_31,186,T,21.4
OspA_protein_31,196,E,62.3
OspA_protein_31,202,N,59.4
OspA_protein_31,204,T,72.5
OspA_protein_31,206,S,117.5
OspA_protein_31,207,S,53.6
OspA_protein_31,208,G,81.5
OspA_protein_31,210,K,47.9
OspA_protein_31,214,Q,76.4
OspA_protein_31,218,S,91.5
OspA_protein_31,227,K,64.5
OspA_protein_31,228,N,129.6
OspA_protein_31,229,K,49.8
OspA_protein_31,230,K,45.8
OspA_protein_31,238,K,101.0
OspA_protein_31,239,Q,74.7
OspA_protein_31,241,T,12.9
OspA_protein_31,247,Y,7.9
OspA_protein_31,248,D,21.2
OspA_protein_31,249,S,102.1
OspA_protein_31,250,A,59.3
OspA_protein_31,251,G,8.4
OspA_protein_31,252,T,72.1
OspA_protein_31,253,N,72.2
OspA_protein_31,255,E,50.1
OspA_protein_31,256,G,107.1
OspA_protein_31,257,S,84.8
OspA_protein_31,260,E,32.9
OspA_protein_31,269,N,57.2
OspA_protein_32,26,E,99.4
OspA_protein_32,27,K,99.1
OspA_protein_32,35,P,7.2
OspA_protein_32,36,G,52.4
OspA_protein_32,45,E,89.3
OspA_protein_32,46,K,59.6
OspA_protein_32,48,K,100.2
OspA_protein_32,49,D,70.1
OspA_protein_32,60,K,115.4
OspA_protein_32,62,E,48.1
OspA_protein_32,64,K,27.4
OspA_protein_32,69,K,40.0
OspA_protein_32,70,N,66.2
OspA_protein_32,79,E,56.8
OspA_protein_32,81,T,126.9
OspA_protein_32,82,D,75.1
OspA_protein_32,83,K,58.8
OspA_protein_32,92,E,72.3
OspA_protein_32,104,E,59.0
OspA_protein_32,105,D,56.7
OspA_protein_32,107,K,69.1
OspA_protein_32,108,T,19.2
OspA_protein_32,117,K,83.6
OspA_protein_32,129,K,93.1
OspA_protein_32,131,E,35.1
OspA_protein_32,144,R,40.7
OspA_protein_32,151,K,66.6
OspA_protein_32,152,S,75.2
OspA_protein_32,153,D,59.0
OspA_protein_32,154,K,74.8
OspA_protein_32,155,T,23.3
OspA_protein_32,161,V,14.2
OspA_protein_32,163,K,83.4
OspA_protein_32,173,A,53.5
OspA_protein_32,174,D,79.7
OspA_protein_32,184,G,95.2
OspA_protein_32,185,T,45.8
OspA_protein_32,203,N,59.6
OspA_protein_32,205,S,75.7
OspA_protein_32,206,D,16.2
OspA_protein_32,207,T,107.5
OspA_protein_32,208,T,57.9
OspA_protein_32,209,Q,76.1
OspA_protein_32,210,A,60.9
OspA_protein_32,212,K,33.4
OspA_protein_32,219,S,57.2
OspA_protein_32,220,K,108.8
OspA_protein_32,229,N,50.7
OspA_protein_32,230,S,96.5
OspA_protein_32,231,R,56.5
OspA_protein_32,232,K,47.3
OspA_protein_32,240,K,103.0
OspA_protein_32,241,E,70.0
OspA_protein_32,250,D,11.3
OspA_protein_32,251,S,99.7
OspA_protein_32,252,A,62.3
OspA_protein_32,254,T,72.9
OspA_protein_32,255,N,72.3
OspA_protein_32,257,E,57.3
OspA_protein_32,258,G,102.1
OspA_protein_32,259,K,101.3
OspA_protein_32,262,E,35.4
OspA_protein_32,267,K,76.3
OspA_protein_33,27,K,101.0
OspA_protein_33,35,P,4.2
OspA_protein_33,36,G,50.2
OspA_protein_33,45,E,89.6
OspA_protein_33,46,K,58.6
OspA_protein_33,48,K,99.5
OspA_protein_33,49,D,69.9
OspA_protein_33,60,K,116.6
OspA_protein_33,62,E,47.5
OspA_protein_33,64,K,27.3
OspA_protein_33,70,N,65.6
OspA_protein_33,71,N,33.7
OspA_protein_33,79,E,56.3
OspA_protein_33,81,T,126.9
OspA_protein_33,82,D,74.3
OspA_protein_33,83,K,58.1
OspA_protein_33,92,E,71.1
OspA_protein_33,104,E,59.3
OspA_protein_33,105,D,57.4
OspA_protein_33,107,K,70.9
OspA_protein_33,108,T,23.2
OspA_protein_33,117,K,76.1
OspA_protein_33,125,K,45.9
OspA_protein_33,128,E,92.4
OspA_protein_33,129,K,116.6
OspA_protein_33,144,R,38.4
OspA_protein_33,151,K,69.2
OspA_protein_33,152,S,114.1
OspA_protein_33,153,N,66.0
OspA_protein_33,161,V,15.7
OspA_protein_33,163,K,78.2
OspA_protein_33,165,F,7.1
OspA_protein_33,168,E,61.6
OspA_protein_33,173,A,63.8
OspA_protein_33,174,D,74.9
OspA_protein_33,184,G,94.3
OspA_protein_33,185,T,39.7
OspA_protein_33,187,T,20.7
OspA_protein_33,194,K,97.8
OspA_protein_33,197,E,63.2
OspA_protein_33,201,D,24.7
OspA_protein_33,203,K,70.9
OspA_protein_33,205,T,74.8
OspA_protein_33,206,E,20.4
OspA_protein_33,207,T,101.1
OspA_protein_33,208,T,50.7
OspA_protein_33,209,P,89.7
OspA_protein_33,210,A,43.2
OspA_protein_33,211,N,44.2
OspA_protein_33,212,K,36.6
OspA_protein_33,216,E,63.6
OspA_protein_33,218,D,27.7
OspA_protein_33,219,S,66.2
OspA_protein_33,220,G,104.2
OspA_protein_33,221,T,62.9
OspA_protein_33,229,N,62.0
OspA_protein_33,230,S,117.9
OspA_protein_33,231,K,39.6
OspA_protein_33,232,K,29.8
OspA_protein_33,240,K,96.6
OspA_protein_33,241,E,67.5
OspA_protein_33,243,T,8.0
OspA_protein_33,250,D,15.9
OspA_protein_33,251,S,92.5
OspA_protein_33,252,A,88.6
OspA_protein_33,253,S,49.3
OspA_protein_33,254,G,3.8
OspA_protein_33,255,T,68.9
OspA_protein_33,256,N,76.9
OspA_protein_33,257,L,45.6
OspA_protein_33,258,E,46.6
OspA_protein_33,259,G,99.1
OspA_protein_33,260,T,89.5
OspA_protein_33,263,E,36.3
OspA_protein_33,265,T,50.6
OspA_protein_33,268,D,66.8
OspA_protein_33,271,K,29.5
OspA_protein_33,272,D,54.9
OspA_protein_34,26,E,98.5
OspA_protein_34,27,K,100.7
OspA_protein_34,35,P,7.1
OspA_protein_34,36,G,52.1
OspA_protein_34,45,E,89.7
OspA_protein_34,46,K,59.8
OspA_protein_34,48,K,101.5
OspA_protein_34,49,D,69.7
OspA_protein_34,60,K,115.9
OspA_protein_34,64,K,27.0
OspA_protein_34,69,K,40.3
OspA_protein_34,70,N,65.7
OspA_protein_34,71,N,33.9
OspA_protein_34,79,E,56.9
OspA_protein_34,81,T,127.2
OspA_protein_34,82,D,74.4
OspA_protein_34,83,K,58.4
OspA_protein_34,92,E,71.8
OspA_protein_34,104,E,59.4
OspA_protein_34,105,D,58.1
OspA_protein_34,107,K,73.9
OspA_protein_34,108,T,19.1
OspA_protein_34,117,K,83.2
OspA_protein_34,129,K,93.0
OspA_protein_34,131,E,34.8
OspA_protein_34,144,R,40.2
OspA_protein_34,151,K,66.5
OspA_protein_34,152,S,76.1
OspA_protein_34,153,D,58.7
OspA_protein_34,154,K,75.8
OspA_protein_34,155,T,23.7
OspA_protein_34,161,V,14.2
OspA_protein_34,163,K,83.3
OspA_protein_34,173,A,53.1
OspA_protein_34,174,D,79.2
OspA_protein_34,184,G,94.9
OspA_protein_34,185,T,47.3
OspA_protein_34,203,N,59.2
OspA_protein_34,205,S,74.5
OspA_protein_34,206,D,17.1
OspA_protein_34,207,T,106.3
OspA_protein_34,208,T,57.4
OspA_protein_34,209,Q,76.3
OspA_protein_34,210,A,60.7
OspA_protein_34,212,K,34.0
OspA_protein_34,219,S,56.2
OspA_protein_34,220,K,109.9
OspA_protein_34,229,N,50.4
OspA_protein_34,230,S,96.7
OspA_protein_34,231,R,56.9
OspA_protein_34,232,K,47.6
OspA_protein_34,240,K,101.8
OspA_protein_34,241,E,70.0
OspA_protein_34,250,D,11.3
OspA_protein_34,251,S,100.0
OspA_protein_34,252,A,62.6
OspA_protein_34,254,T,72.9
OspA_protein_34,255,N,72.5
OspA_protein_34,257,E,57.4
OspA_protein_34,258,G,101.9
OspA_protein_34,259,K,101.6
OspA_protein_34,262,E,35.7
OspA_protein_34,267,K,76.4
OspA_protein_35,26,E,101.8
OspA_protein_35,27,K,100.3
OspA_protein_35,35,P,5.2
OspA_protein_35,36,G,25.5
OspA_protein_35,37,E,106.1
OspA_protein_35,45,E,89.1
OspA_protein_35,46,K,59.0
OspA_protein_35,48,K,98.1
OspA_protein_35,49,D,69.4
OspA_protein_35,55,E,5.9
OspA_protein_35,60,K,117.1
OspA_protein_35,70,N,66.0
OspA_protein_35,71,N,33.5
OspA_protein_35,92,D,61.4
OspA_protein_35,104,E,59.9
OspA_protein_35,105,D,56.9
OspA_protein_35,107,K,75.4
OspA_protein_35,108,T,19.6
OspA_protein_35,117,K,78.2
OspA_protein_35,128,D,92.8
OspA_protein_35,129,K,89.8
OspA_protein_35,139,R,17.3
OspA_protein_35,141,N,49.1
OspA_protein_35,151,Q,57.9
OspA_protein_35,152,N,87.5
OspA_protein_35,153,D,67.8
OspA_protein_35,155,S,24.2
OspA_protein_35,157,K,52.3
OspA_protein_35,161,V,16.4
OspA_protein_35,163,K,90.6
OspA_protein_35,166,T,35.4
OspA_protein_35,168,E,54.6
OspA_protein_35,172,T,31.3
OspA_protein_35,173,A,61.7
OspA_protein_35,174,D,81.4
OspA_protein_35,176,E,30.1
OspA_protein_35,182,E,71.3
OspA_protein_35,185,T,38.4
OspA_protein_35,191,N,7.5
OspA_protein_35,194,E,98.6
OspA_protein_35,195,S,101.2
OspA_protein_35,203,K,57.9
OspA_protein_35,205,T,73.2
OspA_protein_35,206,E,21.7
OspA_protein_35,207,T,101.5
OspA_protein_35,208,T,49.0
OspA_protein_35,209,P,91.9
OspA_protein_35,210,A,45.3
OspA_protein_35,212,K,43.1
OspA_protein_35,220,K,104.9
OspA_protein_35,229,N,63.5
OspA_protein_35,230,S,117.5
OspA_protein_35,231,Q,43.2
OspA_protein_35,240,K,101.5
OspA_protein_35,241,E,72.2
OspA_protein_35,250,N,15.2
OspA_protein_35,251,T,105.2
OspA_protein_35,252,A,55.3
OspA_protein_35,253,G,6.8
OspA_protein_35,254,N,77.1
OspA_protein_35,256,L,43.1
OspA_protein_35,257,E,58.0
OspA_protein_35,258,G,103.0
OspA_protein_35,259,S,90.0
OspA_protein_35,262,E,30.9
OspA_protein_35,264,K,56.8
OspA_protein_35,267,E,64.2
OspA_protein_36,27,K,100.5
OspA_protein_36,35,P,5.3
OspA_protein_36,36,G,49.4
OspA_protein_36,45,E,86.2
OspA_protein_36,46,T,43.1
OspA_protein_36,48,K,107.8
OspA_protein_36,49,D,68.9
OspA_protein_36,60,K,117.3
OspA_protein_36,62,E,49.9
OspA_protein_36,64,K,27.8
OspA_protein_36,70,N,65.0
OspA_protein_36,79,E,54.2
OspA_protein_36,81,T,127.5
OspA_protein_36,83,K,58.3
OspA_protein_36,92,E,71.3
OspA_protein_36,104,E,59.3
OspA_protein_36,105,D,58.5
OspA_protein_36,107,K,76.1
OspA_protein_36,108,T,18.6
OspA_protein_36,117,K,79.1
OspA_protein_36,128,E,92.6
OspA_protein_36,129,K,98.0
OspA_protein_36,144,R,38.2
OspA_protein_36,151,K,69.4
OspA_protein_36,152,N,95.4
OspA_protein_36,163,K,83.1
OspA_protein_36,164,D,47.2
OspA_protein_36,173,A,62.0
OspA_protein_36,182,K,72.9
OspA_protein_36,184,S,93.0
OspA_protein_36,185,T,41.1
OspA_protein_36,187,T,18.3
OspA_protein_36,191,N,4.6
OspA_protein_36,194,K,96.1
OspA_protein_36,195,S,102.2
OspA_protein_36,197,E,63.4
OspA_protein_36,203,D,65.9
OspA_protein_36,205,S,73.5
OspA_protein_36,207,S,118.9
OspA_protein_36,208,S,48.7
OspA_protein_36,209,G,78.6
OspA_protein_36,211,K,48.8
OspA_protein_36,215,T,67.5
OspA_protein_36,217,D,46.2
OspA_protein_36,219,G,99.1
OspA_protein_36,220,T,64.6
OspA_protein_36,228,N,72.6
OspA_protein_36,229,R,117.9
OspA_protein_36,230,Q,42.8
OspA_protein_36,239,K,95.9
OspA_protein_36,240,E,69.9
OspA_protein_36,250,S,108.1
OspA_protein_36,251,A,62.1
OspA_protein_36,253,T,71.9
OspA_protein_36,256,E,51.3
OspA_protein_36,257,G,100.9
OspA_protein_36,258,K,101.6
OspA_protein_36,261,E,35.9
OspA_protein_36,266,K,76.2
OspA_protein_37,26,E,100.7
OspA_protein_37,27,K,99.4
OspA_protein_37,35,P,4.7
OspA_protein_37,36,G,26.3
OspA_protein_37,37,E,103.2
OspA_protein_37,45,E,89.5
OspA_protein_37,46,K,59.6
OspA_protein_37,48,K,97.5
OspA_protein_37,49,D,68.8
OspA_protein_37,60,K,117.9
OspA_protein_37,64,K,27.3
OspA_protein_37,70,S,52.8
OspA_protein_37,71,N,36.1
OspA_protein_37,92,D,60.2
OspA_protein_37,104,E,58.4
OspA_protein_37,105,D,59.1
OspA_protein_37,107,T,79.5
OspA_protein_37,108,T,21.2
OspA_protein_37,117,K,77.1
OspA_protein_37,125,K,52.2
OspA_protein_37,128,E,92.0
OspA_protein_37,129,K,117.4
OspA_protein_37,139,R,20.2
OspA_protein_37,140,K,77.2
OspA_protein_37,144,R,39.2
OspA_protein_37,146,E,15.8
OspA_protein_37,151,K,70.3
OspA_protein_37,152,S,116.2
OspA_protein_37,153,N,67.2
OspA_protein_37,161,V,17.0
OspA_protein_37,163,K,79.9
OspA_protein_37,165,F,7.5
OspA_protein_37,168,E,60.6
OspA_protein_37,173,A,64.2
OspA_protein_37,174,D,73.5
OspA_protein_37,184,G,96.0
OspA_protein_37,185,T,39.7
OspA_protein_37,187,T,20.0
OspA_protein_37,194,K,97.6
OspA_protein_37,197,E,65.2
OspA_protein_37,201,D,29.9
OspA_protein_37,203,V,54.8
OspA_protein_37,205,T,68.8
OspA_protein_37,206,E,20.3
OspA_protein_37,207,T,101.5
OspA_protein_37,208,T,49.1
OspA_protein_37,209,P,91.9
OspA_protein_37,210,A,45.2
OspA_protein_37,211,N,45.6
OspA_protein_37,212,K,36.6
OspA_protein_37,214,T,51.0
OspA_protein_37,216,E,59.1
OspA_protein_37,218,E,39.0
OspA_protein_37,219,A,58.0
OspA_protein_37,220,G,101.8
OspA_protein_37,229,N,62.8
OspA_protein_37,230,S,116.4
OspA_protein_37,231,K,39.5
OspA_protein_37,232,K,28.2
OspA_protein_37,240,K,103.5
OspA_protein_37,241,E,71.5
OspA_protein_37,243,T,7.6
OspA_protein_37,250,D,16.1
OspA_protein_37,251,S,91.9
OspA_protein_37,252,A,88.9
OspA_protein_37,253,S,50.5
OspA_protein_37,254,G,3.8
OspA_protein_37,255,T,67.9
OspA_protein_37,256,N,76.3
OspA_protein_37,257,L,45.8
OspA_protein_37,258,E,46.7
OspA_protein_37,259,G,97.9
OspA_protein_37,260,T,90.4
OspA_protein_37,261,A,46.3
OspA_protein_37,263,E,35.7
OspA_protein_37,265,T,51.7
OspA_protein_37,268,D,63.7
OspA_protein_37,271,K,31.0
OspA_protein_37,272,K,64.8
OspA_protein_38,26,E,100.4
OspA_protein_38,27,K,99.0
OspA_protein_38,35,P,6.6
OspA_protein_38,36,G,50.5
OspA_protein_38,45,E,89.7
OspA_protein_38,46,K,60.6
OspA_protein_38,48,K,96.6
OspA_protein_38,49,D,66.4
OspA_protein_38,60,K,117.9
OspA_protein_38,64,K,28.8
OspA_protein_38,70,S,52.9
OspA_protein_38,71,N,35.0
OspA_protein_38,79,E,42.4
OspA_protein_38,83,K,55.6
OspA_protein_38,92,Q,58.4
OspA_protein_38,93,D,67.8
OspA_protein_38,104,E,71.3
OspA_protein_38,105,D,56.1
OspA_protein_38,107,K,75.2
OspA_protein_38,112,R,30.1
OspA_protein_38,117,K,75.0
OspA_protein_38,118,D,66.0
OspA_protein_38,119,K,89.3
OspA_protein_38,128,D,90.8
OspA_protein_38,129,K,88.2
OspA_protein_38,131,K,60.6
OspA_protein_38,139,R,17.1
OspA_protein_38,141,N,52.8
OspA_protein_38,151,K,68.2
OspA_protein_38,152,N,90.0
OspA_protein_38,153,D,65.3
OspA_protein_38,157,N,34.7
OspA_protein_38,161,V,16.6
OspA_protein_38,163,K,84.9
OspA_protein_38,168,E,53.1
OspA_protein_38,173,A,61.4
OspA_protein_38,174,D,76.0
OspA_protein_38,182,T,52.8
OspA_protein_38,184,K,86.8
OspA_protein_38,185,T,32.1
OspA_protein_38,187,T,23.1
OspA_protein_38,194,K,98.5
OspA_protein_38,203,N,61.6
OspA_protein_38,205,T,64.9
OspA_protein_38,206,E,22.7
OspA_protein_38,207,T,100.4
OspA_protein_38,208,T,49.6
OspA_protein_38,209,P,91.4
OspA_protein_38,210,A,44.7
OspA_protein_38,211,D,42.5
OspA_protein_38,212,K,36.8
OspA_protein_38,216,E,66.7
OspA_protein_38,220,D,98.3
OspA_protein_38,221,T,52.4
OspA_protein_38,229,N,62.6
OspA_protein_38,230,S,116.8
OspA_protein_38,231,Q,42.2
OspA_protein_38,240,K,100.7
OspA_protein_38,241,E,71.3
OspA_protein_38,250,N,16.0
OspA_protein_38,251,T,106.1
OspA_protein_38,252,A,56.0
OspA_protein_38,254,T,76.5
OspA_protein_38,257,E,58.1
OspA_protein_38,258,G,103.3
OspA_protein_38,259,S,90.1
OspA_protein_38,260,P,57.0
OspA_protein_38,262,E,35.6
OspA_protein_38,264,K,71.8
OspA_protein_38,267,A,67.1
OspA_protein_38,268,E,35.0
OspA_protein_39,27,K,98.9
OspA_protein_39,35,P,7.1
OspA_protein_39,36,G,48.4
OspA_protein_39,45,E,89.9
OspA_protein_39,46,K,60.4
OspA_protein_39,48,K,101.8
OspA_protein_39,49,D,69.2
OspA_protein_39,60,K,118.1
OspA_protein_39,64,K,28.0
OspA_protein_39,70,S,52.6
OspA_protein_39,71,N,36.3
OspA_protein_39,79,E,55.6
OspA_protein_39,81,T,127.2
OspA_protein_39,83,K,58.9
OspA_protein_39,93,E,83.4
OspA_protein_39,94,L,21.3
OspA_protein_39,104,E,58.5
OspA_protein_39,107,K,70.5
OspA_protein_39,112,R,31.8
OspA_protein_39,117,K,81.0
OspA_protein_39,118,D,66.1
OspA_protein_39,119,K,89.6
OspA_protein_39,128,D,92.0
OspA_protein_39,129,K,95.8
OspA_protein_39,131,K,60.5
OspA_protein_39,139,R,17.1
OspA_protein_39,141,N,52.4
OspA_protein_39,150,I,3.2
OspA_protein_39,151,Q,59.2
OspA_protein_39,152,S,101.1
OspA_protein_39,153,N,69.2
OspA_protein_39,163,K,81.1
OspA_protein_39,173,A,61.5
OspA_protein_39,174,G,82.2
OspA_protein_39,184,D,93.8
OspA_protein_39,185,T,39.9
OspA_protein_39,194,K,99.7
OspA_protein_39,203,K,73.2
OspA_protein_39,205,T,68.2
OspA_protein_39,206,D,19.5
OspA_protein_39,207,S,116.8
OspA_protein_39,208,S,47.2
OspA_protein_39,209,V,81.6
OspA_protein_39,215,T,59.0
OspA_protein_39,217,D,38.8
OspA_protein_39,218,S,54.9
OspA_protein_39,219,D,107.8
OspA_protein_39,228,N,59.5
OspA_protein_39,229,S,111.1
OspA_protein_39,230,R,50.5
OspA_protein_39,239,K,100.0
OspA_protein_39,240,E,71.7
OspA_protein_39,249,N,18.2
OspA_protein_39,250,T,98.4
OspA_protein_39,251,A,53.8
OspA_protein_39,253,N,90.3
OspA_protein_39,255,L,43.7
OspA_protein_39,256,E,56.7
OspA_protein_39,257,G,104.8
OspA_protein_39,258,S,89.3
OspA_protein_39,259,P,57.9
OspA_protein_39,261,E,27.8
OspA_protein_39,263,K,50.4
OspA_protein_39,266,A,67.3
OspA_protein_40,27,K,99.7
OspA_protein_40,35,P,7.0
OspA_protein_40,36,G,18.6
OspA_protein_40,37,E,114.9
OspA_protein_40,45,E,88.7
OspA_protein_40,46,K,60.7
OspA_protein_40,48,K,94.3
OspA_protein_40,49,D,68.8
OspA_protein_40,60,K,114.0
OspA_protein_40,70,N,68.8
OspA_protein_40,81,D,125.9
OspA_protein_40,82,D,77.9
OspA_protein_40,83,K,64.1
OspA_protein_40,92,D,62.1
OspA_protein_40,104,E,60.2
OspA_protein_40,105,D,55.6
OspA_protein_40,107,K,65.2
OspA_protein_40,112,R,33.5
OspA_protein_40,117,K,76.9
OspA_protein_40,118,D,48.8
OspA_protein_40,119,K,83.8
OspA_protein_40,128,E,99.0
OspA_protein_40,129,K,95.9
OspA_protein_40,139,R,18.4
OspA_protein_40,140,E,74.4
OspA_protein_40,141,N,47.2
OspA_protein_40,151,K,67.5
OspA_protein_40,152,S,95.5
OspA_protein_40,163,K,82.4
OspA_protein_40,164,D,44.6
OspA_protein_40,165,F,7.6
OspA_protein_40,173,A,67.8
OspA_protein_40,174,D,66.7
OspA_protein_40,183,G,104.4
OspA_protein_40,184,T,50.3
OspA_protein_40,193,N,89.5
OspA_protein_40,202,N,60.4
OspA_protein_40,204,T,67.3
OspA_protein_40,205,S,9.4
OspA_protein_40,206,T,111.0
OspA_protein_40,207,T,59.7
OspA_protein_40,208,Q,76.4
OspA_protein_40,209,A,60.7
OspA_protein_40,211,K,34.0
OspA_protein_40,215,K,84.2
OspA_protein_40,219,K,110.4
OspA_protein_40,229,N,99.9
OspA_protein_40,230,K,49.6
OspA_protein_40,239,K,103.9
OspA_protein_40,240,E,70.9
OspA_protein_40,242,T,7.3
OspA_protein_40,249,D,21.4
OspA_protein_40,250,S,103.1
OspA_protein_40,251,A,60.4
OspA_protein_40,252,G,7.1
OspA_protein_40,253,T,76.3
OspA_protein_40,254,N,73.3
OspA_protein_40,255,L,47.9
OspA_protein_40,256,E,51.1
OspA_protein_40,257,G,100.3
OspA_protein_40,258,T,90.4
OspA_protein_40,261,E,29.9
OspA_protein_40,270,N,53.1
OspA_protein_41,27,K,92.9
OspA_protein_41,35,P,7.7
OspA_protein_41,36,G,21.8
OspA_protein_41,37,E,114.8
OspA_protein_41,45,E,90.5
OspA_protein_41,46,K,58.4
OspA_protein_41,48,K,106.2
OspA_protein_41,49,D,61.3
OspA_protein_41,71,N,36.6
OspA_protein_41,92,E,72.5
OspA_protein_41,107,K,94.4
OspA_protein_41,117,K,82.0
OspA_protein_41,128,E,99.5
OspA_protein_41,129,K,94.8
OspA_protein_41,151,K,67.4
OspA_protein_41,152,S,94.1
OspA_protein_41,163,K,81.9
OspA_protein_41,174,E,86.9
OspA_protein_41,175,K,38.0
OspA_protein_41,184,T,47.5
OspA_protein_41,204,T,74.3
OspA_protein_41,205,D,15.5
OspA_protein_41,206,S,98.4
OspA_protein_41,207,T,51.3
OspA_protein_41,208,P,85.7
OspA_protein_41,209,A,54.4
OspA_protein_41,218,S,63.1
OspA_protein_41,219,S,96.4
OspA_protein_41,230,K,45.4
OspA_protein_41,239,K,103.6
OspA_protein_41,240,E,72.9
OspA_protein_41,250,S,91.0
OspA_protein_41,251,N,73.6
OspA_protein_41,253,T,71.7
OspA_protein_41,254,K,84.8
OspA_protein_41,256,E,58.1
OspA_protein_41,258,S,85.3
OspA_protein_41,261,E,32.7
OspA_protein_41,270,N,55.8
OspA_protein_42,27,K,98.4
OspA_protein_42,35,P,5.9
OspA_protein_42,36,G,26.0
OspA_protein_42,37,E,108.0
OspA_protein_42,45,E,89.8
OspA_protein_42,46,K,57.8
OspA_protein_42,48,K,97.3
OspA_protein_42,49,D,66.2
OspA_protein_42,60,N,124.8
OspA_protein_42,64,K,25.9
OspA_protein_42,70,N,65.6
OspA_protein_42,71,N,33.4
OspA_protein_42,92,E,72.3
OspA_protein_42,104,E,57.9
OspA_protein_42,105,D,52.4
OspA_protein_42,107,K,73.6
OspA_protein_42,108,T,16.2
OspA_protein_42,117,K,80.1
OspA_protein_42,118,D,64.2
OspA_protein_42,119,K,79.8
OspA_protein_42,128,D,94.8
OspA_protein_42,129,K,89.3
OspA_protein_42,131,E,31.4
OspA_protein_42,139,R,19.5
OspA_protein_42,141,N,49.4
OspA_protein_42,151,K,69.1
OspA_protein_42,152,N,82.8
OspA_protein_42,153,D,74.8
OspA_protein_42,157,K,58.3
OspA_protein_42,163,K,81.1
OspA_protein_42,164,E,50.5
OspA_protein_42,174,E,84.9
OspA_protein_42,175,K,32.9
OspA_protein_42,183,G,98.8
OspA_protein_42,184,T,46.3
OspA_protein_42,200,E,52.2
OspA_protein_42,202,N,61.0
OspA_protein_42,204,T,74.1
OspA_protein_42,205,D,18.0
OspA_protein_42,206,S,110.8
OspA_protein_42,207,A,50.0
OspA_protein_42,208,Q,77.4
OspA_protein_42,209,A,67.9
OspA_protein_42,211,K,32.1
OspA_protein_42,215,K,81.0
OspA_protein_42,218,A,62.9
OspA_protein_42,219,G,105.6
OspA_protein_42,228,N,51.3
OspA_protein_42,229,S,94.4
OspA_protein_42,230,K,55.4
OspA_protein_42,231,K,43.1
OspA_protein_42,240,Q,73.5
OspA_protein_42,242,T,7.4
OspA_protein_42,248,Y,6.7
OspA_protein_42,249,D,18.1
OspA_protein_42,250,S,110.7
OspA_protein_42,251,A,65.5
OspA_protein_42,252,N,15.8
OspA_protein_42,253,T,69.8
OspA_protein_42,254,N,75.8
OspA_protein_42,255,L,45.1
OspA_protein_42,256,E,48.6
OspA_protein_42,257,G,100.1
OspA_protein_42,258,T,90.9
OspA_protein_42,261,E,32.0
OspA_protein_42,270,N,54.2
OspA_protein_43,27,K,99.4
OspA_protein_43,35,P,6.3
OspA_protein_43,36,G,53.2
OspA_protein_43,45,E,89.0
OspA_protein_43,46,K,59.8
OspA_protein_43,48,K,106.1
OspA_protein_43,49,D,68.8
OspA_protein_43,60,K,116.6
OspA_protein_43,69,K,45.3
OspA_protein_43,70,N,66.6
OspA_protein_43,81,T,126.0
OspA_protein_43,82,D,74.1
OspA_protein_43,83,K,64.8
OspA_protein_43,92,D,63.1
OspA_protein_43,104,E,58.0
OspA_protein_43,105,D,52.5
OspA_protein_43,107,K,87.1
OspA_protein_43,111,S,24.0
OspA_protein_43,116,S,23.3
OspA_protein_43,117,K,76.9
OspA_protein_43,128,D,94.3
OspA_protein_43,129,K,94.2
OspA_protein_43,131,E,35.0
OspA_protein_43,132,L,27.9
OspA_protein_43,139,R,17.1
OspA_protein_43,141,N,47.5
OspA_protein_43,151,K,67.7
OspA_protein_43,152,S,94.1
OspA_protein_43,153,D,64.3
OspA_protein_43,155,T,30.3
OspA_protein_43,157,K,52.9
OspA_protein_43,163,K,86.7
OspA_protein_43,164,N,46.3
OspA_protein_43,173,N,68.3
OspA_protein_43,181,K,75.9
OspA_protein_43,184,T,50.6
OspA_protein_43,194,S,90.7
OspA_protein_43,202,N,65.4
OspA_protein_43,204,S,78.5
OspA_protein_43,205,S,10.2
OspA_protein_43,206,T,111.4
OspA_protein_43,207,T,56.9
OspA_protein_43,208,A,77.3
OspA_protein_43,209,S,62.1
OspA_protein_43,211,K,37.5
OspA_protein_43,215,E,75.0
OspA_protein_43,219,N,104.3
OspA_protein_43,228,N,63.5
OspA_protein_43,229,S,114.7
OspA_protein_43,230,K,42.9
OspA_protein_43,231,K,41.4
OspA_protein_43,239,K,100.4
OspA_protein_43,240,Q,73.1
OspA_protein_43,248,Y,7.8
OspA_protein_43,249,N,25.1
OspA_protein_43,250,T,97.5
OspA_protein_43,251,N,73.6
OspA_protein_43,253,D,81.2
OspA_protein_43,254,A,51.3
OspA_protein_43,256,E,48.1
OspA_protein_43,257,G,97.9
OspA_protein_43,259,A,45.7
OspA_protein_43,261,E,36.7
OspA_protein_43,262,I,0.5
OspA_protein_43,270,N,59.3
OspA_protein_44,27,K,98.6
OspA_protein_44,35,P,7.6
OspA_protein_44,36,G,29.5
OspA_protein_44,37,E,108.5
OspA_protein_44,46,K,60.7
OspA_protein_44,48,K,103.3
OspA_protein_44,49,D,70.4
OspA_protein_44,60,K,116.7
OspA_protein_44,70,N,66.3
OspA_protein_44,81,D,130.1
OspA_protein_44,82,D,77.9
OspA_protein_44,92,D,63.3
OspA_protein_44,107,K,79.7
OspA_protein_44,112,R,31.7
OspA_protein_44,117,K,81.8
OspA_protein_44,118,D,54.8
OspA_protein_44,119,K,77.5
OspA_protein_44,128,E,96.3
OspA_protein_44,129,K,92.1
OspA_protein_44,139,R,19.7
OspA_protein_44,141,N,46.4
OspA_protein_44,152,T,85.5
OspA_protein_44,153,D,66.6
OspA_protein_44,163,K,82.5
OspA_protein_44,174,E,78.3
OspA_protein_44,175,K,31.3
OspA_protein_44,183,G,103.0
OspA_protein_44,184,T,49.9
OspA_protein_44,202,N,58.6
OspA_protein_44,204,T,67.6
OspA_protein_44,205,S,10.0
OspA_protein_44,206,T,110.5
OspA_protein_44,207,T,58.6
OspA_protein_44,208,A,73.5
OspA_protein_44,209,A,61.9
OspA_protein_44,215,K,82.0
OspA_protein_44,218,S,65.2
OspA_protein_44,219,S,93.1
OspA_protein_44,230,K,49.5
OspA_protein_44,231,K,42.5
OspA_protein_44,239,K,102.1
OspA_protein_44,240,Q,73.4
OspA_protein_44,242,T,7.0
OspA_protein_44,250,S,102.8
OspA_protein_44,251,A,60.8
OspA_protein_44,253,T,71.6
OspA_protein_44,256,E,50.6
OspA_protein_44,257,G,99.7
OspA_protein_44,258,T,90.3
OspA_protein_44,261,E,30.1
OspA_protein_44,270,N,57.4
OspA_protein_45,27,K,99.9
OspA_protein_45,35,P,5.9
OspA_protein_45,36,G,25.9
OspA_protein_45,37,E,109.7
OspA_protein_45,45,E,89.6
OspA_protein_45,46,K,59.1
OspA_protein_45,48,K,93.5
OspA_protein_45,49,D,67.4
OspA_protein_45,60,K,117.0
OspA_protein_45,64,K,28.3
OspA_protein_45,70,N,64.9
OspA_protein_45,92,D,61.2
OspA_protein_45,104,E,59.6
OspA_protein_45,107,K,83.7
OspA_protein_45,117,K,80.2
OspA_protein_45,119,K,81.4
OspA_protein_45,128,E,96.9
OspA_protein_45,129,K,94.3
OspA_protein_45,131,E,35.7
OspA_protein_45,139,R,21.0
OspA_protein_45,141,N,46.4
OspA_protein_45,151,K,67.9
OspA_protein_45,152,S,96.9
OspA_protein_45,153,D,73.1
OspA_protein_45,157,K,57.4
OspA_protein_45,161,T,24.1
OspA_protein_45,163,K,79.0
OspA_protein_45,164,E,50.2
OspA_protein_45,174,E,85.4
OspA_protein_45,175,K,33.4
OspA_protein_45,181,K,73.0
OspA_protein_45,183,G,103.0
OspA_protein_45,184,T,46.8
OspA_protein_45,200,E,41.3
OspA_protein_45,202,N,57.4
OspA_protein_45,204,T,84.3
OspA_protein_45,205,D,16.1
OspA_protein_45,206,S,107.1
OspA_protein_45,207,T,57.5
OspA_protein_45,208,Q,74.8
OspA_protein_45,209,A,56.9
OspA_protein_45,211,K,34.3
OspA_protein_45,215,K,80.8
OspA_protein_45,218,A,63.9
OspA_protein_45,219,G,105.6
OspA_protein_45,229,N,95.9
OspA_protein_45,230,K,49.9
OspA_protein_45,231,K,41.5
OspA_protein_45,239,K,103.5
OspA_protein_45,240,Q,73.3
OspA_protein_45,249,D,19.9
OspA_protein_45,250,S,99.1
OspA_protein_45,251,A,62.4
OspA_protein_45,252,G,7.2
OspA_protein_45,253,T,68.2
OspA_protein_45,256,E,47.5
OspA_protein_45,258,T,91.3
OspA_protein_45,261,E,31.8
OspA_protein_45,263,K,56.3
OspA_protein_45,270,N,49.4
OspA_protein_46,27,K,100.8
OspA_protein_46,35,P,6.5
OspA_protein_46,36,G,25.5
OspA_protein_46,37,E,113.9
OspA_protein_46,45,E,88.9
OspA_protein_46,46,K,58.8
OspA_protein_46,48,K,96.0
OspA_protein_46,49,D,68.2
OspA_protein_46,60,K,118.0
OspA_protein_46,70,S,53.9
OspA_protein_46,81,T,125.0
OspA_protein_46,92,D,61.8
OspA_protein_46,104,E,58.4
OspA_protein_46,105,D,56.2
OspA_protein_46,107,K,70.6
OspA_protein_46,112,R,29.5
OspA_protein_46,117,K,80.7
OspA_protein_46,118,D,66.7
OspA_protein_46,129,K,93.8
OspA_protein_46,139,R,17.3
OspA_protein_46,141,N,48.8
OspA_protein_46,151,K,67.5
OspA_protein_46,152,S,94.8
OspA_protein_46,163,K,86.0
OspA_protein_46,164,D,40.0
OspA_protein_46,173,A,55.0
OspA_protein_46,181,Q,72.5
OspA_protein_46,183,G,107.9
OspA_protein_46,184,S,31.5
OspA_protein_46,186,T,15.9
OspA_protein_46,196,E,61.6
OspA_protein_46,202,N,58.7
OspA_protein_46,204,T,77.9
OspA_protein_46,206,S,117.5
OspA_protein_46,207,S,53.7
OspA_protein_46,208,G,81.0
OspA_protein_46,210,K,49.6
OspA_protein_46,214,Q,76.4
OspA_protein_46,218,S,91.2
OspA_protein_46,227,K,67.6
OspA_protein_46,229,K,49.9
OspA_protein_46,230,K,45.6
OspA_protein_46,239,Q,75.5
OspA_protein_46,241,T,12.5
OspA_protein_46,247,Y,7.8
OspA_protein_46,248,D,21.2
OspA_protein_46,249,S,101.5
OspA_protein_46,250,A,59.4
OspA_protein_46,252,T,71.5
OspA_protein_46,255,E,49.6
OspA_protein_46,256,G,106.8
OspA_protein_46,257,S,86.0
OspA_protein_46,260,E,31.3
OspA_protein_46,269,N,56.5
OspA_protein_47,27,K,98.9
OspA_protein_47,35,P,5.3
OspA_protein_47,36,G,21.5
OspA_protein_47,37,E,109.4
OspA_protein_47,46,K,59.8
OspA_protein_47,48,K,103.4
OspA_protein_47,49,D,69.6
OspA_protein_47,60,K,117.5
OspA_protein_47,64,K,26.2
OspA_protein_47,70,N,65.1
OspA_protein_47,92,E,72.4
OspA_protein_47,104,E,59.2
OspA_protein_47,105,D,51.6
OspA_protein_47,107,K,81.4
OspA_protein_47,117,K,79.2
OspA_protein_47,119,K,79.0
OspA_protein_47,128,D,95.3
OspA_protein_47,129,K,92.7
OspA_protein_47,131,E,35.3
OspA_protein_47,139,R,17.2
OspA_protein_47,141,N,51.0
OspA_protein_47,151,K,68.7
OspA_protein_47,152,S,91.5
OspA_protein_47,153,D,73.4
OspA_protein_47,163,K,81.2
OspA_protein_47,164,D,53.8
OspA_protein_47,168,E,67.5
OspA_protein_47,174,E,83.8
OspA_protein_47,175,K,33.5
OspA_protein_47,183,G,102.5
OspA_protein_47,184,T,45.8
OspA_protein_47,200,E,42.7
OspA_protein_47,202,N,57.4
OspA_protein_47,204,T,84.6
OspA_protein_47,205,D,17.5
OspA_protein_47,206,S,109.9
OspA_protein_47,207,A,49.0
OspA_protein_47,208,Q,79.2
OspA_protein_47,209,A,65.6
OspA_protein_47,211,K,34.3
OspA_protein_47,215,K,81.5
OspA_protein_47,218,A,63.3
OspA_protein_47,219,G,105.3
OspA_protein_47,228,N,55.9
OspA_protein_47,229,S,96.7
OspA_protein_47,230,K,49.6
OspA_protein_47,231,K,42.8
OspA_protein_47,240,Q,73.1
OspA_protein_47,242,T,8.0
OspA_protein_47,250,S,102.7
OspA_protein_47,251,A,60.8
OspA_protein_47,253,T,70.3
OspA_protein_47,256,E,49.7
OspA_protein_47,257,G,99.5
OspA_protein_47,258,T,90.4
OspA_protein_47,261,E,31.0
OspA_protein_47,270,N,56.8
OspA_protein_48,27,K,99.0
OspA_protein_48,35,P,7.9
OspA_protein_48,36,G,26.9
OspA_protein_48,37,E,110.9
OspA_protein_48,46,K,60.1
OspA_protein_48,48,K,96.9
OspA_protein_48,49,D,73.2
OspA_protein_48,60,K,117.4
OspA_protein_48,70,N,67.1
OspA_protein_48,92,D,63.6
OspA_protein_48,94,L,22.3
OspA_protein_48,107,K,68.5
OspA_protein_48,117,K,82.8
OspA_protein_48,128,E,91.5
OspA_protein_48,129,K,95.3
OspA_protein_48,152,S,94.4
OspA_protein_48,163,K,80.8
OspA_protein_48,174,E,86.7
OspA_protein_48,175,K,35.0
OspA_protein_48,183,G,104.9
OspA_protein_48,184,T,48.7
OspA_protein_48,204,T,74.4
OspA_protein_48,205,D,17.8
OspA_protein_48,206,S,111.1
OspA_protein_48,207,S,45.6
OspA_protein_48,208,A,80.2
OspA_protein_48,209,A,60.9
OspA_protein_48,217,N,54.9
OspA_protein_48,218,S,61.3
OspA_protein_48,219,G,102.1
OspA_protein_48,230,K,45.3
OspA_protein_48,231,K,45.3
OspA_protein_48,239,K,103.4
OspA_protein_48,240,E,71.9
OspA_protein_48,250,S,92.4
OspA_protein_48,251,N,74.1
OspA_protein_48,253,T,72.3
OspA_protein_48,254,K,84.6
OspA_protein_48,255,L,46.8
OspA_protein_48,256,E,53.7
OspA_protein_48,258,S,84.7
OspA_protein_48,263,T,54.0
OspA_protein_48,270,N,51.3
OspA_protein_49,27,K,98.9
OspA_protein_49,35,P,7.8
OspA_protein_49,36,G,46.8
OspA_protein_49,45,E,89.4
OspA_protein_49,46,K,59.1
OspA_protein_49,48,K,102.2
OspA_protein_49,49,D,69.0
OspA_protein_49,60,K,117.2
OspA_protein_49,64,K,27.7
OspA_protein_49,70,N,65.6
OspA_protein_49,71,N,33.8
OspA_protein_49,79,E,57.3
OspA_protein_49,83,K,58.5
OspA_protein_49,92,E,72.3
OspA_protein_49,104,E,58.0
OspA_protein_49,105,D,58.5
OspA_protein_49,107,K,77.7
OspA_protein_49,112,R,30.8
OspA_protein_49,117,K,80.0
OspA_protein_49,118,D,53.8
OspA_protein_49,119,K,88.4
OspA_protein_49,128,E,91.8
OspA_protein_49,129,K,116.9
OspA_protein_49,140,K,72.7
OspA_protein_49,144,R,37.7
OspA_protein_49,151,K,69.3
OspA_protein_49,152,S,115.4
OspA_protein_49,153,N,64.7
OspA_protein_49,161,V,16.7
OspA_protein_49,163,K,80.9
OspA_protein_49,173,A,63.7
OspA_protein_49,174,D,80.1
OspA_protein_49,184,G,96.3
OspA_protein_49,185,T,39.8
OspA_protein_49,187,T,20.0
OspA_protein_49,194,K,99.3
OspA_protein_49,201,D,26.7
OspA_protein_49,203,K,65.3
OspA_protein_49,205,T,74.9
OspA_protein_49,206,E,20.1
OspA_protein_49,207,T,100.7
OspA_protein_49,208,T,49.0
OspA_protein_49,209,P,91.9
OspA_protein_49,210,A,43.8
OspA_protein_49,211,N,44.5
OspA_protein_49,212,K,38.7
OspA_protein_49,216,E,62.8
OspA_protein_49,218,D,27.7
OspA_protein_49,219,S,67.0
OspA_protein_49,220,G,102.9
OspA_protein_49,221,T,63.5
OspA_protein_49,229,N,62.2
OspA_protein_49,230,S,116.8
OspA_protein_49,231,K,39.3
OspA_protein_49,232,K,29.0
OspA_protein_49,240,K,95.8
OspA_protein_49,241,E,69.0
OspA_protein_49,250,D,16.1
OspA_protein_49,251,S,91.6
OspA_protein_49,252,A,89.1
OspA_protein_49,253,S,49.9
OspA_protein_49,254,G,3.7
OspA_protein_49,255,T,68.0
OspA_protein_49,256,N,76.6
OspA_protein_49,257,L,45.2
OspA_protein_49,258,E,47.0
OspA_protein_49,259,G,98.2
OspA_protein_49,260,T,87.9
OspA_protein_49,262,I,65.9
OspA_protein_49,263,E,35.9
OspA_protein_49,265,T,41.0
OspA_protein_49,268,K,77.6
OspA_protein_50,27,K,100.4
OspA_protein_50,35,P,8.2
OspA_protein_50,36,G,27.4
OspA_protein_50,37,E,113.7
OspA_protein_50,45,E,90.0
OspA_protein_50,46,K,59.6
OspA_protein_50,48,K,95.1
OspA_protein_50,49,D,67.3
OspA_protein_50,60,K,117.9
OspA_protein_50,70,N,65.6
OspA_protein_50,92,D,63.3
OspA_protein_50,104,E,58.6
OspA_protein_50,105,D,49.1
OspA_protein_50,107,K,80.7
OspA_protein_50,112,R,28.4
OspA_protein_50,117,K,82.4
OspA_protein_50,118,D,58.7
OspA_protein_50,119,K,81.8
OspA_protein_50,128,E,99.8
OspA_protein_50,129,K,93.8
OspA_protein_50,139,R,16.7
OspA_protein_50,141,D,38.0
OspA_protein_50,142,E,88.1
OspA_protein_50,151,K,67.9
OspA_protein_50,152,S,97.5
OspA_protein_50,163,K,82.3
OspA_protein_50,165,Y,6.3
OspA_protein_50,174,E,86.3
OspA_protein_50,175,K,35.2
OspA_protein_50,183,G,103.9
OspA_protein_50,184,T,47.4
OspA_protein_50,198,T,28.3
OspA_protein_50,200,E,48.8
OspA_protein_50,202,N,61.3
OspA_protein_50,204,T,74.5
OspA_protein_50,205,D,17.3
OspA_protein_50,206,S,110.0
OspA_protein_50,207,A,47.9
OspA_protein_50,208,A,84.2
OspA_protein_50,209,A,62.5
OspA_protein_50,211,K,35.3
OspA_protein_50,217,N,55.6
OspA_protein_50,218,S,65.8
OspA_protein_50,219,G,100.5
OspA_protein_50,220,T,63.8
OspA_protein_50,228,N,61.6
OspA_protein_50,229,S,110.6
OspA_protein_50,230,K,47.2
OspA_protein_50,239,K,103.3
OspA_protein_50,240,E,72.4
OspA_protein_50,242,T,7.7
OspA_protein_50,248,Y,8.6
OspA_protein_50,249,D,12.8
OspA_protein_50,250,T,102.2
OspA_protein_50,251,A,45.6
OspA_protein_50,252,G,7.5
OspA_protein_50,253,I,78.8
OspA_protein_50,254,K,82.5
OspA_protein_50,255,L,44.5
OspA_protein_50,256,E,55.6
OspA_protein_50,257,G,106.4
OspA_protein_50,258,S,87.1
OspA_protein_50,261,E,32.9
OspA_protein_50,263,K,66.8
OspA_protein_50,270,N,56.0
OspA_protein_51,27,K,99.7
OspA_protein_51,33,D,77.8
OspA_protein_51,35,P,7.7
OspA_protein_51,36,G,27.2
OspA_protein_51,37,E,114.3
OspA_protein_51,45,E,91.0
OspA_protein_51,46,K,59.7
OspA_protein_51,48,K,104.1
OspA_protein_51,49,D,68.9
OspA_protein_51,60,K,115.3
OspA_protein_51,70,N,65.8
OspA_protein_51,83,K,63.4
OspA_protein_51,93,H,94.6
OspA_protein_51,94,L,19.8
OspA_protein_51,95,S,40.3
OspA_protein_51,105,D,55.0
OspA_protein_51,107,K,74.7
OspA_protein_51,112,R,32.7
OspA_protein_51,117,K,81.4
OspA_protein_51,118,D,65.0
OspA_protein_51,119,K,87.1
OspA_protein_51,128,E,98.2
OspA_protein_51,129,K,92.5
OspA_protein_51,141,N,49.6
OspA_protein_51,151,K,67.8
OspA_protein_51,152,S,89.8
OspA_protein_51,163,K,82.9
OspA_protein_51,173,N,104.9
OspA_protein_51,175,K,36.4
OspA_protein_51,181,K,74.1
OspA_protein_51,183,G,103.3
OspA_protein_51,184,T,47.0
OspA_protein_51,190,N,5.9
OspA_protein_51,194,S,88.2
OspA_protein_51,196,E,56.2
OspA_protein_51,202,N,61.4
OspA_protein_51,204,T,75.1
OspA_protein_51,205,D,16.6
OspA_protein_51,206,S,107.9
OspA_protein_51,207,T,57.5
OspA_protein_51,208,A,77.8
OspA_protein_51,209,A,56.9
OspA_protein_51,211,K,33.4
OspA_protein_51,217,D,39.2
OspA_protein_51,218,S,58.2
OspA_protein_51,219,K,107.6
OspA_protein_51,228,N,61.0
OspA_protein_51,229,S,108.5
OspA_protein_51,230,K,48.9
OspA_protein_51,231,K,45.3
OspA_protein_51,236,V,22.3
OspA_protein_51,240,Q,72.9
OspA_protein_51,242,T,7.6
OspA_protein_51,248,Y,8.9
OspA_protein_51,249,D,13.8
OspA_protein_51,250,S,101.6
OspA_protein_51,251,A,55.0
OspA_protein_51,253,T,79.5
OspA_protein_51,254,T,70.3
OspA_protein_51,255,L,39.2
OspA_protein_51,256,E,57.2
OspA_protein_51,257,G,106.9
OspA_protein_51,258,S,86.4
OspA_protein_51,261,E,30.2
OspA_protein_51,266,D,65.4
OspA_protein_51,270,N,56.4
OspA_protein_52,26,E,100.2
OspA_protein_52,27,K,98.6
OspA_protein_52,35,P,5.9
OspA_protein_52,36,G,26.7
OspA_protein_52,37,E,107.7
OspA_protein_52,45,E,89.4
OspA_protein_52,46,K,60.8
OspA_protein_52,48,K,93.7
OspA_protein_52,49,D,67.9
OspA_protein_52,60,K,116.4
OspA_protein_52,69,K,44.4
OspA_protein_52,70,N,67.4
OspA_protein_52,81,D,132.0
OspA_protein_52,82,D,79.1
OspA_protein_52,83,K,64.4
OspA_protein_52,92,D,63.0
OspA_protein_52,93,D,85.2
OspA_protein_52,94,L,19.2
OspA_protein_52,104,E,55.5
OspA_protein_52,105,D,86.0
OspA_protein_52,116,K,82.6
OspA_protein_52,117,D,64.6
OspA_protein_52,127,E,89.5
OspA_protein_52,128,K,92.8
OspA_protein_52,138,R,16.8
OspA_protein_52,140,N,40.2
OspA_protein_52,145,E,28.6
OspA_protein_52,149,M,7.3
OspA_protein_52,150,T,70.6
OspA_protein_52,151,D,45.9
OspA_protein_52,152,A,58.2
OspA_protein_52,153,E,38.2
OspA_protein_52,154,N,27.1
OspA_protein_52,163,K,49.1
OspA_protein_52,164,N,50.7
OspA_protein_52,165,G,61.2
OspA_protein_52,167,K,60.7
OspA_protein_52,169,P,49.3
OspA_protein_52,171,N,32.7
OspA_protein_52,173,V,64.9
OspA_protein_52,174,G,64.0
OspA_protein_52,176,K,46.8
OspA_protein_52,185,T,48.2
OspA_protein_52,203,N,60.0
OspA_protein_52,205,T,73.1
OspA_protein_52,206,S,10.1
OspA_protein_52,207,S,103.5
OspA_protein_52,208,T,51.6
OspA_protein_52,209,P,90.5
OspA_protein_52,210,N,66.4
OspA_protein_52,212,K,34.4
OspA_protein_52,216,K,75.4
OspA_protein_52,220,K,107.1
OspA_protein_52,230,S,111.1
OspA_protein_52,231,K,42.8
OspA_protein_52,240,K,102.8
OspA_protein_52,241,Q,67.1
OspA_protein_52,250,N,14.1
OspA_protein_52,251,P,85.5
OspA_protein_52,252,A,57.6
OspA_protein_52,253,G,4.8
OspA_protein_52,254,N,81.3
OspA_protein_52,255,K,79.9
OspA_protein_52,256,L,38.6
OspA_protein_52,257,E,51.2
OspA_protein_52,259,T,89.9
OspA_protein_52,262,E,26.6
OspA_protein_52,271,N,53.7
OspA_protein_53,26,E,101.1
OspA_protein_53,27,K,98.8
OspA_protein_53,35,P,6.2
OspA_protein_53,36,G,25.7
OspA_protein_53,37,E,110.2
OspA_protein_53,45,E,89.4
OspA_protein_53,46,K,60.8
OspA_protein_53,48,K,97.2
OspA_protein_53,49,D,66.9
OspA_protein_53,60,K,117.0
OspA_protein_53,69,K,44.4
OspA_protein_53,70,N,68.0
OspA_protein_53,81,D,131.7
OspA_protein_53,82,D,79.3
OspA_protein_53,83,K,62.8
OspA_protein_53,92,D,63.7
OspA_protein_53,93,D,86.5
OspA_protein_53,94,L,18.9
OspA_protein_53,104,E,56.4
OspA_protein_53,105,D,90.6
OspA_protein_53,116,K,83.5
OspA_protein_53,117,D,64.1
OspA_protein_53,127,E,99.5
OspA_protein_53,128,K,93.7
OspA_protein_53,138,R,17.7
OspA_protein_53,140,N,30.9
OspA_protein_53,145,E,29.1
OspA_protein_53,149,M,6.4
OspA_protein_53,150,T,69.1
OspA_protein_53,151,D,43.0
OspA_protein_53,152,A,59.3
OspA_protein_53,153,E,36.8
OspA_protein_53,154,N,29.3
OspA_protein_53,163,K,65.6
OspA_protein_53,164,N,29.6
OspA_protein_53,165,G,59.2
OspA_protein_53,167,K,62.1
OspA_protein_53,169,P,51.7
OspA_protein_53,171,N,31.0
OspA_protein_53,173,V,63.6
OspA_protein_53,174,G,66.4
OspA_protein_53,176,K,47.1
OspA_protein_53,185,T,48.1
OspA_protein_53,203,N,59.6
OspA_protein_53,205,T,74.6
OspA_protein_53,206,S,10.7
OspA_protein_53,207,S,103.8
OspA_protein_53,208,T,49.5
OspA_protein_53,209,P,89.4
OspA_protein_53,210,N,67.1
OspA_protein_53,212,K,37.6
OspA_protein_53,216,K,74.1
OspA_protein_53,220,R,111.3
OspA_protein_53,230,S,112.1
OspA_protein_53,231,K,47.3
OspA_protein_53,240,K,102.7
OspA_protein_53,241,Q,61.3
OspA_protein_53,250,N,13.7
OspA_protein_53,251,P,88.0
OspA_protein_53,252,A,57.7
OspA_protein_53,253,G,4.5
OspA_protein_53,254,N,80.4
OspA_protein_53,255,K,80.7
OspA_protein_53,256,L,38.2
OspA_protein_53,257,E,52.0
OspA_protein_53,259,T,90.7
OspA_protein_53,262,E,38.5
OspA_protein_53,271,N,51.6
OspA_protein_54,27,K,99.3
OspA_protein_54,35,P,6.9
OspA_protein_54,36,G,34.9
OspA_protein_54,37,E,115.9
OspA_protein_54,48,K,92.5
OspA_protein_54,49,D,66.4
OspA_protein_54,60,K,117.1
OspA_protein_54,70,N,66.2
OspA_protein_54,81,S,126.3
OspA_protein_54,83,K,61.8
OspA_protein_54,85,Q,15.7
OspA_protein_54,94,L,20.4
OspA_protein_54,104,E,60.6
OspA_protein_54,105,D,49.4
OspA_protein_54,107,K,66.9
OspA_protein_54,108,T,19.1
OspA_protein_54,117,K,80.9
OspA_protein_54,129,K,94.4
OspA_protein_54,139,R,21.3
OspA_protein_54,141,N,48.0
OspA_protein_54,152,S,89.9
OspA_protein_54,163,K,84.2
OspA_protein_54,164,D,39.8
OspA_protein_54,165,F,7.8
OspA_protein_54,173,A,90.3
OspA_protein_54,181,E,61.0
OspA_protein_54,183,S,102.1
OspA_protein_54,184,S,26.1
OspA_protein_54,194,S,92.8
OspA_protein_54,196,E,61.4
OspA_protein_54,204,T,101.6
OspA_protein_54,205,A,55.5
OspA_protein_54,207,Q,58.0
OspA_protein_54,215,A,100.6
OspA_protein_54,225,N,119.1
OspA_protein_54,226,K,51.6
OspA_protein_54,235,K,89.9
OspA_protein_54,236,Q,73.0
OspA_protein_54,246,T,103.6
OspA_protein_54,247,A,59.9
OspA_protein_54,248,G,6.1
OspA_protein_54,249,T,71.7
OspA_protein_54,252,E,46.1
OspA_protein_54,254,T,92.3
OspA_protein_55,27,K,99.3
OspA_protein_55,35,P,4.8
OspA_protein_55,36,G,26.5
OspA_protein_55,37,E,102.0
OspA_protein_55,45,E,90.5
OspA_protein_55,46,K,59.2
OspA_protein_55,48,K,99.6
OspA_protein_55,49,D,70.7
OspA_protein_55,60,K,124.1
OspA_protein_55,70,S,53.4
OspA_protein_55,92,E,71.7
OspA_protein_55,93,D,87.3
OspA_protein_55,94,L,19.1
OspA_protein_55,104,E,58.0
OspA_protein_55,107,T,82.5
OspA_protein_55,108,T,14.1
OspA_protein_55,117,K,82.9
OspA_protein_55,119,K,72.7
OspA_protein_55,129,K,97.8
OspA_protein_55,131,A,85.4
OspA_protein_55,140,R,15.9
OspA_protein_55,141,K,71.3
OspA_protein_55,145,R,39.0
OspA_protein_55,152,K,69.3
OspA_protein_55,153,S,105.8
OspA_protein_55,164,K,82.6
OspA_protein_55,174,T,73.6
OspA_protein_55,175,G,69.1
OspA_protein_55,185,D,90.8
OspA_protein_55,186,T,41.7
OspA_protein_55,195,K,84.7
OspA_protein_55,196,D,89.1
OspA_protein_55,198,K,55.5
OspA_protein_55,204,D,55.5
OspA_protein_55,206,T,79.9
OspA_protein_55,207,A,17.4
OspA_protein_55,208,S,121.6
OspA_protein_55,209,S,81.4
OspA_protein_55,211,K,44.8
OspA_protein_55,218,D,49.7
OspA_protein_55,219,A,99.1
OspA_protein_55,220,T,64.0
OspA_protein_55,228,N,73.9
OspA_protein_55,229,S,121.4
OspA_protein_55,230,K,50.3
OspA_protein_55,231,K,45.9
OspA_protein_55,236,V,23.2
OspA_protein_55,239,K,89.5
OspA_protein_55,240,E,65.9
OspA_protein_55,248,Y,9.7
OspA_protein_55,249,D,16.0
OspA_protein_55,250,S,101.8
OspA_protein_55,251,G,47.8
OspA_protein_55,252,G,6.7
OspA_protein_55,253,T,85.1
OspA_protein_55,254,T,69.9
OspA_protein_55,255,L,39.9
OspA_protein_55,256,E,58.2
OspA_protein_55,257,G,104.9
OspA_protein_55,258,K,100.6
OspA_protein_55,261,E,34.2
OspA_protein_55,266,E,56.8
OspA_protein_56,27,K,100.0
OspA_protein_56,35,P,6.9
OspA_protein_56,36,G,25.6
OspA_protein_56,37,E,104.7
OspA_protein_56,45,E,89.6
OspA_protein_56,46,K,59.1
OspA_protein_56,48,K,94.1
OspA_protein_56,49,D,66.4
OspA_protein_56,60,K,125.2
OspA_protein_56,70,S,52.3
OspA_protein_56,92,E,71.0
OspA_protein_56,93,D,83.0
OspA_protein_56,94,L,23.2
OspA_protein_56,104,E,58.4
OspA_protein_56,107,T,69.4
OspA_protein_56,108,T,14.1
OspA_protein_56,117,K,84.2
OspA_protein_56,119,K,72.7
OspA_protein_56,129,K,94.6
OspA_protein_56,131,A,85.0
OspA_protein_56,140,R,16.9
OspA_protein_56,141,K,77.9
OspA_protein_56,145,R,37.8
OspA_protein_56,152,K,69.8
OspA_protein_56,153,S,104.8
OspA_protein_56,164,K,83.1
OspA_protein_56,165,N,54.8
OspA_protein_56,174,T,73.5
OspA_protein_56,175,G,69.1
OspA_protein_56,185,D,88.6
OspA_protein_56,186,T,40.8
OspA_protein_56,195,K,86.9
OspA_protein_56,196,D,96.1
OspA_protein_56,198,K,56.7
OspA_protein_56,204,D,55.6
OspA_protein_56,206,T,79.0
OspA_protein_56,207,A,16.0
OspA_protein_56,208,S,122.7
OspA_protein_56,209,S,80.4
OspA_protein_56,211,K,45.5
OspA_protein_56,218,D,49.9
OspA_protein_56,219,A,98.2
OspA_protein_56,220,T,63.1
OspA_protein_56,228,N,76.3
OspA_protein_56,229,S,121.0
OspA_protein_56,230,K,50.5
OspA_protein_56,231,K,45.8
OspA_protein_56,236,V,22.8
OspA_protein_56,239,K,95.9
OspA_protein_56,240,E,72.7
OspA_protein_56,248,Y,9.6
OspA_protein_56,249,D,14.4
OspA_protein_56,250,S,102.3
OspA_protein_56,251,G,48.2
OspA_protein_56,252,G,6.6
OspA_protein_56,253,T,85.9
OspA_protein_56,254,T,70.1
OspA_protein_56,255,L,39.4
OspA_protein_56,256,E,58.8
OspA_protein_56,257,G,101.7
OspA_protein_56,258,K,102.7
OspA_protein_56,261,E,35.3
OspA_protein_56,266,E,53.9
OspA_protein_56,270,D,43.6
OspA_protein_57,27,K,99.9
OspA_protein_57,35,P,7.8
OspA_protein_57,36,G,26.7
OspA_protein_57,37,E,107.7
OspA_protein_57,46,K,59.6
OspA_protein_57,48,K,102.0
OspA_protein_57,49,D,69.3
OspA_protein_57,60,K,115.9
OspA_protein_57,64,K,28.0
OspA_protein_57,70,N,64.7
OspA_protein_57,83,K,55.0
OspA_protein_57,92,E,71.3
OspA_protein_57,104,E,71.5
OspA_protein_57,105,D,58.1
OspA_protein_57,107,K,84.3
OspA_protein_57,112,R,28.5
OspA_protein_57,117,K,83.2
OspA_protein_57,128,E,97.3
OspA_protein_57,129,K,94.5
OspA_protein_57,151,K,67.5
OspA_protein_57,152,S,95.4
OspA_protein_57,153,D,59.8
OspA_protein_57,155,N,36.5
OspA_protein_57,157,K,58.8
OspA_protein_57,163,K,80.4
OspA_protein_57,168,E,61.5
OspA_protein_57,174,E,87.2
OspA_protein_57,175,K,39.6
OspA_protein_57,184,T,47.3
OspA_protein_57,193,K,103.1
OspA_protein_57,204,T,81.7
OspA_protein_57,205,A,17.1
OspA_protein_57,206,S,96.9
OspA_protein_57,207,G,85.7
OspA_protein_57,208,I,84.0
OspA_protein_57,210,K,41.4
OspA_protein_57,216,E,46.7
OspA_protein_57,217,S,57.7
OspA_protein_57,218,S,88.6
OspA_protein_57,219,T,61.1
OspA_protein_57,227,N,58.0
OspA_protein_57,228,S,118.2
OspA_protein_57,229,K,47.3
OspA_protein_57,230,K,46.1
OspA_protein_57,238,K,95.9
OspA_protein_57,239,E,72.6
OspA_protein_57,247,Y,8.8
OspA_protein_57,248,D,14.0
OspA_protein_57,249,S,103.8
OspA_protein_57,250,G,45.9
OspA_protein_57,251,G,7.5
OspA_protein_57,252,T,77.9
OspA_protein_57,253,K,84.9
OspA_protein_57,254,L,45.9
OspA_protein_57,255,E,58.1
OspA_protein_57,256,G,102.0
OspA_protein_57,257,K,101.5
OspA_protein_58,27,K,101.1
OspA_protein_58,35,P,6.6
OspA_protein_58,36,G,48.5
OspA_protein_58,45,E,88.9
OspA_protein_58,46,K,58.8
OspA_protein_58,48,K,105.6
OspA_protein_58,49,D,69.7
OspA_protein_58,55,E,5.2
OspA_protein_58,60,K,117.7
OspA_protein_58,62,E,52.7
OspA_protein_58,64,K,20.7
OspA_protein_58,70,S,52.4
OspA_protein_58,71,N,35.2
OspA_protein_58,79,E,56.4
OspA_protein_58,83,K,56.5
OspA_protein_58,92,Q,58.8
OspA_protein_58,104,E,58.4
OspA_protein_58,107,K,82.6
OspA_protein_58,112,R,29.1
OspA_protein_58,117,K,74.8
OspA_protein_58,118,D,66.4
OspA_protein_58,129,K,88.4
OspA_protein_58,151,Q,59.0
OspA_protein_58,152,N,84.9
OspA_protein_58,153,D,62.4
OspA_protein_58,161,V,16.9
OspA_protein_58,163,K,80.8
OspA_protein_58,168,E,53.2
OspA_protein_58,173,N,79.6
OspA_protein_58,174,D,71.6
OspA_protein_58,182,E,68.0
OspA_protein_58,185,T,39.0
OspA_protein_58,194,K,99.2
OspA_protein_58,203,K,74.0
OspA_protein_58,205,T,57.1
OspA_protein_58,206,E,22.3
OspA_protein_58,207,T,101.5
OspA_protein_58,208,T,48.9
OspA_protein_58,209,P,91.7
OspA_protein_58,210,A,43.0
OspA_protein_58,212,K,37.4
OspA_protein_58,216,E,68.5
OspA_protein_58,218,K,55.5
OspA_protein_58,229,N,57.4
OspA_protein_58,231,R,55.9
OspA_protein_58,240,K,102.3
OspA_protein_58,241,E,73.5
OspA_protein_58,242,N,6.3
OspA_protein_58,251,S,97.5
OspA_protein_58,252,A,55.0
OspA_protein_58,254,T,73.4
OspA_protein_58,257,E,57.9
OspA_protein_58,258,G,105.6
OspA_protein_58,259,S,88.4
OspA_protein_58,260,P,58.0
OspA_protein_58,262,E,27.9
OspA_protein_58,264,K,50.8
OspA_protein_58,267,T,71.6
OspA_protein_58,271,T,56.2
OspA_protein_59,27,K,99.2
OspA_protein_59,35,P,7.0
OspA_protein_59,36,G,54.0
OspA_protein_59,45,E,89.5
OspA_protein_59,46,K,60.2
OspA_protein_59,48,K,96.6
OspA_protein_59,49,D,68.1
OspA_protein_59,60,K,117.8
OspA_protein_59,62,E,51.0
OspA_protein_59,64,K,28.3
OspA_protein_59,69,K,40.8
OspA_protein_59,70,N,65.9
OspA_protein_59,79,E,52.8
OspA_protein_59,81,T,126.7
OspA_protein_59,82,D,75.0
OspA_protein_59,83,K,58.6
OspA_protein_59,92,E,71.5
OspA_protein_59,104,E,58.7
OspA_protein_59,105,D,57.7
OspA_protein_59,107,K,76.8
OspA_protein_59,108,T,19.8
OspA_protein_59,117,K,82.9
OspA_protein_59,128,E,99.5
OspA_protein_59,129,K,92.6
OspA_protein_59,144,R,39.7
OspA_protein_59,151,K,67.3
OspA_protein_59,152,S,69.8
OspA_protein_59,153,D,58.1
OspA_protein_59,154,K,71.0
OspA_protein_59,161,V,14.3
OspA_protein_59,163,K,83.3
OspA_protein_59,164,D,46.2
OspA_protein_59,173,A,51.8
OspA_protein_59,174,D,74.2
OspA_protein_59,176,K,39.7
OspA_protein_59,184,G,96.9
OspA_protein_59,185,T,46.0
OspA_protein_59,187,T,16.1
OspA_protein_59,191,N,5.7
OspA_protein_59,194,K,94.1
OspA_protein_59,197,E,62.0
OspA_protein_59,203,D,61.2
OspA_protein_59,205,T,76.2
OspA_protein_59,207,S,119.0
OspA_protein_59,208,S,47.6
OspA_protein_59,209,G,76.1
OspA_protein_59,211,K,48.6
OspA_protein_59,215,T,67.4
OspA_protein_59,217,D,45.5
OspA_protein_59,219,G,101.0
OspA_protein_59,220,T,65.0
OspA_protein_59,228,N,80.7
OspA_protein_59,229,R,117.4
OspA_protein_59,230,T,27.0
OspA_protein_59,231,K,44.7
OspA_protein_59,239,K,102.7
OspA_protein_59,240,E,70.1
OspA_protein_59,250,S,119.1
OspA_protein_59,251,A,74.2
OspA_protein_59,253,T,71.6
OspA_protein_59,254,N,73.1
OspA_protein_59,256,E,51.1
OspA_protein_59,257,G,101.2
OspA_protein_59,258,K,100.9
OspA_protein_59,261,E,35.0
OspA_protein_59,266,K,81.5
OspA_protein_59,270,N,43.0
OspA_protein_60,27,K,99.5
OspA_protein_60,31,S,58.5
OspA_protein_60,33,D,91.5
OspA_protein_60,35,P,7.6
OspA_protein_60,36,G,50.7
OspA_protein_60,43,S,5.0
OspA_protein_60,45,E,89.9
OspA_protein_60,46,K,60.1
OspA_protein_60,48,K,105.4
OspA_protein_60,49,D,69.8
OspA_protein_60,55,E,5.0
OspA_protein_60,60,K,115.1
OspA_protein_60,62,E,61.7
OspA_protein_60,64,K,21.0
OspA_protein_60,69,K,43.3
OspA_protein_60,70,N,65.3
OspA_protein_60,71,N,33.4
OspA_protein_60,79,E,54.5
OspA_protein_60,81,T,126.7
OspA_protein_60,82,D,75.9
OspA_protein_60,83,K,58.5
OspA_protein_60,92,D,62.2
OspA_protein_60,104,E,58.8
OspA_protein_60,105,D,57.2
OspA_protein_60,107,K,96.8
OspA_protein_60,108,T,20.8
OspA_protein_60,117,K,82.9
OspA_protein_60,128,G,82.3
OspA_protein_60,129,K,93.3
OspA_protein_60,144,R,41.1
OspA_protein_60,151,K,69.7
OspA_protein_60,152,S,86.9
OspA_protein_60,161,V,14.3
OspA_protein_60,163,K,83.9
OspA_protein_60,164,D,47.2
OspA_protein_60,173,A,62.2
OspA_protein_60,174,D,73.9
OspA_protein_60,184,G,96.4
OspA_protein_60,185,T,46.5
OspA_protein_60,199,T,21.0
OspA_protein_60,203,D,69.8
OspA_protein_60,205,S,75.4
OspA_protein_60,206,D,16.6
OspA_protein_60,207,T,107.2
OspA_protein_60,208,T,58.3
OspA_protein_60,209,R,75.4
OspA_protein_60,210,A,63.8
OspA_protein_60,212,K,33.3
OspA_protein_60,216,K,81.3
OspA_protein_60,220,K,108.1
OspA_protein_60,229,N,48.2
OspA_protein_60,230,S,85.0
OspA_protein_60,231,Q,46.9
OspA_protein_60,232,K,43.0
OspA_protein_60,241,E,69.9
OspA_protein_60,243,T,7.1
OspA_protein_60,249,Y,9.9
OspA_protein_60,251,S,107.3
OspA_protein_60,252,A,62.8
OspA_protein_60,253,G,6.8
OspA_protein_60,254,T,70.9
OspA_protein_60,255,N,72.5
OspA_protein_60,256,L,45.3
OspA_protein_60,257,E,57.7
OspA_protein_60,258,G,100.2
OspA_protein_60,259,K,101.3
OspA_protein_60,260,A,45.5
OspA_protein_60,262,E,36.2
OspA_protein_60,267,K,82.1
OspA_protein_60,271,N,40.5
OspA_protein_61,27,K,99.1
OspA_protein_61,35,P,6.3
OspA_protein_61,36,G,17.4
OspA_protein_61,37,E,121.3
OspA_protein_61,46,K,60.0
OspA_protein_61,48,K,102.7
OspA_protein_61,49,D,64.4
OspA_protein_61,60,K,115.7
OspA_protein_61,70,D,64.5
OspA_protein_61,71,N,32.1
OspA_protein_61,81,D,129.9
OspA_protein_61,82,D,64.0
OspA_protein_61,83,K,63.7
OspA_protein_61,92,D,60.5
OspA_protein_61,93,D,70.0
OspA_protein_61,95,S,23.4
OspA_protein_61,104,E,59.4
OspA_protein_61,105,D,58.6
OspA_protein_61,107,K,97.9
OspA_protein_61,112,R,29.8
OspA_protein_61,117,R,65.5
OspA_protein_61,118,D,51.6
OspA_protein_61,119,K,85.1
OspA_protein_61,128,E,97.6
OspA_protein_61,129,K,95.6
OspA_protein_61,131,E,34.6
OspA_protein_61,135,K,23.5
OspA_protein_61,139,R,19.7
OspA_protein_61,140,E,74.3
OspA_protein_61,141,N,45.7
OspA_protein_61,151,K,68.9
OspA_protein_61,152,S,90.8
OspA_protein_61,153,D,74.6
OspA_protein_61,155,T,22.1
OspA_protein_61,163,K,86.2
OspA_protein_61,170,K,60.6
OspA_protein_61,172,A,15.4
OspA_protein_61,173,N,104.3
OspA_protein_61,181,K,65.7
OspA_protein_61,183,G,104.3
OspA_protein_61,184,T,45.2
OspA_protein_61,202,N,61.4
OspA_protein_61,204,T,69.0
OspA_protein_61,205,N,19.7
OspA_protein_61,206,T,106.2
OspA_protein_61,207,T,58.8
OspA_protein_61,208,Q,77.3
OspA_protein_61,209,A,60.4
OspA_protein_61,211,K,32.8
OspA_protein_61,217,D,38.8
OspA_protein_61,218,S,55.6
OspA_protein_61,219,K,109.3
OspA_protein_61,228,N,54.7
OspA_protein_61,229,S,98.6
OspA_protein_61,230,K,49.5
OspA_protein_61,239,K,103.0
OspA_protein_61,240,Q,73.2
OspA_protein_61,242,T,8.8
OspA_protein_61,250,S,100.8
OspA_protein_61,251,A,61.0
OspA_protein_61,253,T,70.3
OspA_protein_61,256,E,57.6
OspA_protein_61,257,G,102.8
OspA_protein_61,258,T,91.5
OspA_protein_61,261,E,28.7
OspA_protein_61,266,D,66.9
OspA_protein_61,270,N,54.4
OspA_protein_62,27,K,100.1
OspA_protein_62,35,P,7.4
OspA_protein_62,36,G,53.6
OspA_protein_62,45,E,89.5
OspA_protein_62,46,K,60.5
OspA_protein_62,48,K,96.6
OspA_protein_62,49,D,67.8
OspA_protein_62,60,K,114.1
OspA_protein_62,62,E,50.9
OspA_protein_62,64,K,28.7
OspA_protein_62,70,N,65.9
OspA_protein_62,79,E,38.5
OspA_protein_62,81,T,120.3
OspA_protein_62,82,D,76.6
OspA_protein_62,83,K,55.0
OspA_protein_62,92,D,63.3
OspA_protein_62,104,E,71.0
OspA_protein_62,105,D,55.5
OspA_protein_62,107,K,79.3
OspA_protein_62,108,T,20.2
OspA_protein_62,117,K,83.2
OspA_protein_62,128,E,98.7
OspA_protein_62,129,K,92.5
OspA_protein_62,144,R,39.9
OspA_protein_62,151,K,69.6
OspA_protein_62,152,S,86.8
OspA_protein_62,161,V,14.1
OspA_protein_62,163,K,83.6
OspA_protein_62,164,D,47.2
OspA_protein_62,173,A,61.6
OspA_protein_62,174,D,73.9
OspA_protein_62,184,G,94.7
OspA_protein_62,185,T,46.8
OspA_protein_62,186,V,0.9
OspA_protein_62,197,E,54.5
OspA_protein_62,203,D,70.3
OspA_protein_62,205,S,74.5
OspA_protein_62,206,D,16.0
OspA_protein_62,207,T,108.6
OspA_protein_62,208,T,58.3
OspA_protein_62,209,Q,77.7
OspA_protein_62,210,A,62.0
OspA_protein_62,212,K,33.4
OspA_protein_62,220,K,108.3
OspA_protein_62,230,S,96.9
OspA_protein_62,231,R,57.0
OspA_protein_62,232,K,42.8
OspA_protein_62,241,E,71.0
OspA_protein_62,243,T,8.0
OspA_protein_62,249,Y,9.5
OspA_protein_62,250,D,11.0
OspA_protein_62,251,S,98.1
OspA_protein_62,252,A,63.1
OspA_protein_62,254,T,71.9
OspA_protein_62,255,N,72.2
OspA_protein_62,257,E,57.7
OspA_protein_62,258,G,101.0
OspA_protein_62,259,K,101.4
OspA_protein_62,262,E,35.4
OspA_protein_62,267,K,72.3
OspA_protein_62,271,D,33.5
OspA_protein_63,27,K,100.2
OspA_protein_63,35,P,8.2
OspA_protein_63,36,G,23.7
OspA_protein_63,37,E,118.0
OspA_protein_63,46,K,60.0
OspA_protein_63,48,K,99.6
OspA_protein_63,49,D,70.9
OspA_protein_63,60,K,118.0
OspA_protein_63,70,N,65.6
OspA_protein_63,92,D,64.3
OspA_protein_63,93,D,81.4
OspA_protein_63,94,L,22.7
OspA_protein_63,107,K,77.1
OspA_protein_63,117,K,82.4
OspA_protein_63,128,E,99.1
OspA_protein_63,129,K,95.0
OspA_protein_63,144,R,37.5
OspA_protein_63,152,S,94.3
OspA_protein_63,163,K,81.3
OspA_protein_63,174,E,87.3
OspA_protein_63,175,K,35.3
OspA_protein_63,183,G,106.6
OspA_protein_63,184,T,48.2
OspA_protein_63,204,T,75.2
OspA_protein_63,205,D,18.0
OspA_protein_63,206,S,110.2
OspA_protein_63,207,S,43.4
OspA_protein_63,208,A,83.3
OspA_protein_63,209,A,60.9
OspA_protein_63,217,N,55.1
OspA_protein_63,218,S,63.7
OspA_protein_63,219,G,100.0
OspA_protein_63,230,K,45.8
OspA_protein_63,231,K,45.4
OspA_protein_63,239,K,102.4
OspA_protein_63,240,E,72.6
OspA_protein_63,242,T,6.7
OspA_protein_63,250,S,93.0
OspA_protein_63,251,N,74.1
OspA_protein_63,253,T,71.8
OspA_protein_63,254,K,85.0
OspA_protein_63,255,L,45.8
OspA_protein_63,256,E,54.7
OspA_protein_63,258,S,85.5
OspA_protein_63,263,T,53.9
OspA_protein_63,264,K,55.2
OspA_protein_63,270,N,53.6
OspA_protein_64,27,K,100.8
OspA_protein_64,35,P,6.8
OspA_protein_64,36,G,49.1
OspA_protein_64,45,E,89.6
OspA_protein_64,46,K,58.0
OspA_protein_64,48,K,101.5
OspA_protein_64,49,D,71.1
OspA_protein_64,60,K,118.4
OspA_protein_64,70,S,51.6
OspA_protein_64,79,E,57.1
OspA_protein_64,92,Q,58.3
OspA_protein_64,93,D,67.6
OspA_protein_64,104,E,59.6
OspA_protein_64,107,K,71.3
OspA_protein_64,112,R,30.6
OspA_protein_64,117,K,75.2
OspA_protein_64,118,D,66.1
OspA_protein_64,119,K,88.7
OspA_protein_64,128,D,93.2
OspA_protein_64,129,K,85.6
OspA_protein_64,131,K,58.1
OspA_protein_64,139,R,17.6
OspA_protein_64,141,N,54.5
OspA_protein_64,151,Q,62.7
OspA_protein_64,152,D,77.2
OspA_protein_64,153,D,68.6
OspA_protein_64,155,S,23.3
OspA_protein_64,157,N,48.2
OspA_protein_64,161,V,16.9
OspA_protein_64,163,K,81.2
OspA_protein_64,168,E,52.7
OspA_protein_64,173,A,61.8
OspA_protein_64,174,D,77.2
OspA_protein_64,182,E,67.3
OspA_protein_64,185,T,45.0
OspA_protein_64,194,K,98.2
OspA_protein_64,197,E,64.6
OspA_protein_64,204,D,4.7
OspA_protein_64,205,T,88.3
OspA_protein_64,206,D,18.2
OspA_protein_64,207,S,115.5
OspA_protein_64,208,S,53.1
OspA_protein_64,209,A,73.0
OspA_protein_64,210,D,53.1
OspA_protein_64,211,K,41.5
OspA_protein_64,215,E,57.9
OspA_protein_64,219,D,98.9
OspA_protein_64,228,N,67.5
OspA_protein_64,229,S,110.0
OspA_protein_64,230,K,45.3
OspA_protein_64,239,K,104.0
OspA_protein_64,240,E,72.9
OspA_protein_64,241,D,4.7
OspA_protein_64,249,N,18.3
OspA_protein_64,250,T,101.7
OspA_protein_64,251,A,55.6
OspA_protein_64,253,T,86.5
OspA_protein_64,255,L,43.0
OspA_protein_64,256,E,56.9
OspA_protein_64,257,G,91.1
OspA_protein_64,258,N,105.9
OspA_protein_64,259,P,56.0
OspA_protein_64,261,E,29.5
OspA_protein_64,263,K,50.0
OspA_protein_64,266,T,75.4
OspA_protein_64,270,T,57.9
OspA_protein_65,27,K,98.8
OspA_protein_65,35,P,5.7
OspA_protein_65,36,G,17.0
OspA_protein_65,37,E,120.7
OspA_protein_65,46,K,60.5
OspA_protein_65,48,K,102.7
OspA_protein_65,49,D,67.5
OspA_protein_65,60,K,116.3
OspA_protein_65,70,D,65.2
OspA_protein_65,71,N,31.8
OspA_protein_65,81,D,130.4
OspA_protein_65,82,D,64.6
OspA_protein_65,83,K,63.8
OspA_protein_65,92,D,61.4
OspA_protein_65,93,D,79.6
OspA_protein_65,94,L,19.3
OspA_protein_65,95,S,25.6
OspA_protein_65,104,E,59.6
OspA_protein_65,105,D,59.1
OspA_protein_65,107,K,97.9
OspA_protein_65,112,R,32.0
OspA_protein_65,117,I,73.3
OspA_protein_65,118,D,47.2
OspA_protein_65,119,K,84.6
OspA_protein_65,128,E,97.5
OspA_protein_65,129,K,95.9
OspA_protein_65,131,E,34.3
OspA_protein_65,135,K,23.6
OspA_protein_65,139,R,20.0
OspA_protein_65,140,E,75.4
OspA_protein_65,141,N,45.4
OspA_protein_65,142,G,51.8
OspA_protein_65,151,K,69.2
OspA_protein_65,152,S,90.2
OspA_protein_65,153,D,72.8
OspA_protein_65,155,T,22.7
OspA_protein_65,163,K,86.5
OspA_protein_65,170,K,60.4
OspA_protein_65,172,A,16.9
OspA_protein_65,173,N,104.2
OspA_protein_65,175,K,38.1
OspA_protein_65,183,G,104.6
OspA_protein_65,184,T,46.2
OspA_protein_65,202,N,60.8
OspA_protein_65,204,T,69.1
OspA_protein_65,205,N,19.2
OspA_protein_65,206,T,107.0
OspA_protein_65,207,T,58.9
OspA_protein_65,208,Q,79.3
OspA_protein_65,209,A,58.8
OspA_protein_65,211,K,34.6
OspA_protein_65,217,D,39.0
OspA_protein_65,218,S,55.1
OspA_protein_65,219,K,109.2
OspA_protein_65,228,N,55.8
OspA_protein_65,229,S,99.5
OspA_protein_65,230,K,49.2
OspA_protein_65,239,K,103.4
OspA_protein_65,240,Q,72.9
OspA_protein_65,242,T,8.1
OspA_protein_65,250,S,100.7
OspA_protein_65,251,A,61.4
OspA_protein_65,253,T,70.2
OspA_protein_65,254,N,72.8
OspA_protein_65,256,E,57.9
OspA_protein_65,257,G,103.2
OspA_protein_65,258,T,90.7
OspA_protein_65,261,E,29.0
OspA_protein_65,266,D,67.0
OspA_protein_65,270,N,54.6
OspA_protein_66,35,P,6.4
OspA_protein_66,36,G,25.6
OspA_protein_66,37,E,113.2
OspA_protein_66,46,K,57.5
OspA_protein_66,48,K,98.7
OspA_protein_66,49,D,69.0
OspA_protein_66,60,K,117.6
OspA_protein_66,70,S,53.4
OspA_protein_66,92,D,63.4
OspA_protein_66,104,E,59.9
OspA_protein_66,105,D,55.5
OspA_protein_66,107,K,75.7
OspA_protein_66,112,R,33.7
OspA_protein_66,117,K,79.9
OspA_protein_66,118,D,66.3
OspA_protein_66,119,K,82.1
OspA_protein_66,128,E,94.1
OspA_protein_66,129,N,92.3
OspA_protein_66,131,K,62.8
OspA_protein_66,139,R,16.3
OspA_protein_66,141,N,49.6
OspA_protein_66,151,K,67.5
OspA_protein_66,152,S,105.1
OspA_protein_66,163,K,81.4
OspA_protein_66,173,A,52.1
OspA_protein_66,183,G,104.7
OspA_protein_66,184,T,45.3
OspA_protein_66,190,N,1.5
OspA_protein_66,196,E,59.9
OspA_protein_66,204,T,81.5
OspA_protein_66,206,S,117.3
OspA_protein_66,207,S,54.1
OspA_protein_66,208,G,80.2
OspA_protein_66,210,K,49.7
OspA_protein_66,214,K,82.0
OspA_protein_66,218,S,93.5
OspA_protein_66,227,N,68.0
OspA_protein_66,228,N,129.2
OspA_protein_66,229,K,49.7
OspA_protein_66,238,K,101.2
OspA_protein_66,239,Q,74.2
OspA_protein_66,247,Y,9.2
OspA_protein_66,248,D,11.5
OspA_protein_66,249,S,98.8
OspA_protein_66,250,A,59.7
OspA_protein_66,251,G,8.3
OspA_protein_66,252,T,71.8
OspA_protein_66,253,N,71.7
OspA_protein_66,255,E,58.4
OspA_protein_66,256,G,107.7
OspA_protein_66,257,S,86.5
OspA_protein_66,260,E,32.6
OspA_protein_66,269,N,54.5
OspA_protein_67,27,K,100.3
OspA_protein_67,35,P,6.6
OspA_protein_67,36,G,25.2
OspA_protein_67,37,E,112.3
OspA_protein_67,45,E,88.9
OspA_protein_67,46,K,60.4
OspA_protein_67,48,K,95.6
OspA_protein_67,49,D,66.8
OspA_protein_67,60,K,117.6
OspA_protein_67,70,N,65.6
OspA_protein_67,79,E,57.0
OspA_protein_67,81,T,127.9
OspA_protein_67,83,K,59.2
OspA_protein_67,92,D,63.3
OspA_protein_67,104,E,59.1
OspA_protein_67,105,D,57.4
OspA_protein_67,107,K,63.5
OspA_protein_67,112,R,28.9
OspA_protein_67,117,K,80.6
OspA_protein_67,118,D,65.6
OspA_protein_67,119,K,83.2
OspA_protein_67,129,K,95.1
OspA_protein_67,131,E,35.6
OspA_protein_67,139,R,23.3
OspA_protein_67,141,N,41.7
OspA_protein_67,144,R,40.6
OspA_protein_67,152,S,93.8
OspA_protein_67,153,D,61.5
OspA_protein_67,155,S,12.4
OspA_protein_67,168,E,66.7
OspA_protein_67,173,A,60.3
OspA_protein_67,174,D,72.5
OspA_protein_67,184,G,80.2
OspA_protein_67,185,T,45.6
OspA_protein_67,205,T,87.3
OspA_protein_67,206,S,17.6
OspA_protein_67,207,S,93.7
OspA_protein_67,208,G,86.0
OspA_protein_67,209,S,62.3
OspA_protein_67,211,K,45.3
OspA_protein_67,219,T,115.4
OspA_protein_67,228,D,57.8
OspA_protein_67,229,S,118.4
OspA_protein_67,230,K,42.3
OspA_protein_67,231,K,45.3
OspA_protein_67,239,T,92.0
OspA_protein_67,240,D,45.4
OspA_protein_67,242,T,2.7
OspA_protein_67,244,T,9.2
OspA_protein_67,250,K,109.8
OspA_protein_67,251,A,58.4
OspA_protein_67,253,T,73.7
OspA_protein_67,254,K,85.1
OspA_protein_67,255,L,45.6
OspA_protein_67,256,E,56.9
OspA_protein_67,257,G,102.1
OspA_protein_67,258,T,93.1
OspA_protein_67,266,T,76.3
OspA_protein_67,270,T,56.9
OspA_protein_68,27,K,100.2
OspA_protein_68,35,P,5.3
OspA_protein_68,36,G,25.6
OspA_protein_68,37,E,108.0
OspA_protein_68,45,E,89.5
OspA_protein_68,46,K,60.3
OspA_protein_68,48,K,96.6
OspA_protein_68,49,D,67.1
OspA_protein_68,60,R,117.6
OspA_protein_68,62,E,48.0
OspA_protein_68,64,K,27.7
OspA_protein_68,70,N,65.7
OspA_protein_68,79,E,56.3
OspA_protein_68,81,T,127.8
OspA_protein_68,83,K,57.9
OspA_protein_68,92,D,62.3
OspA_protein_68,104,E,58.9
OspA_protein_68,105,D,60.7
OspA_protein_68,107,T,75.1
OspA_protein_68,108,T,17.8
OspA_protein_68,117,K,78.6
OspA_protein_68,128,A,84.3
OspA_protein_68,129,K,90.3
OspA_protein_68,141,N,39.4
OspA_protein_68,144,R,50.0
OspA_protein_68,151,K,70.1
OspA_protein_68,152,N,84.2
OspA_protein_68,163,K,64.5
OspA_protein_68,168,E,60.5
OspA_protein_68,173,A,64.2
OspA_protein_68,174,D,70.8
OspA_protein_68,184,G,81.9
OspA_protein_68,185,T,45.0
OspA_protein_68,205,T,88.4
OspA_protein_68,206,A,14.9
OspA_protein_68,207,S,94.5
OspA_protein_68,208,G,87.0
OspA_protein_68,209,S,60.9
OspA_protein_68,219,T,115.0
OspA_protein_68,228,D,58.8
OspA_protein_68,229,S,118.0
OspA_protein_68,230,K,43.8
OspA_protein_68,231,K,46.2
OspA_protein_68,239,T,91.4
OspA_protein_68,240,D,50.0
OspA_protein_68,242,T,0.9
OspA_protein_68,249,N,25.0
OspA_protein_68,250,T,103.8
OspA_protein_68,251,A,56.1
OspA_protein_68,252,G,8.7
OspA_protein_68,253,N,78.2
OspA_protein_68,254,K,81.2
OspA_protein_68,255,L,47.2
OspA_protein_68,256,E,58.0
OspA_protein_68,257,G,96.3
OspA_protein_68,258,S,86.8
OspA_protein_68,259,A,45.1
OspA_protein_68,261,E,37.3
OspA_protein_68,266,N,77.4
OspA_protein_68,270,D,55.0
OspA_protein_69,27,K,99.9
OspA_protein_69,35,P,6.3
OspA_protein_69,36,G,26.3
OspA_protein_69,37,E,110.4
OspA_protein_69,46,K,58.4
OspA_protein_69,48,K,98.3
OspA_protein_69,49,D,68.0
OspA_protein_69,60,K,117.5
OspA_protein_69,70,S,51.3
OspA_protein_69,79,E,42.4
OspA_protein_69,83,K,55.8
OspA_protein_69,92,Q,59.1
OspA_protein_69,104,E,70.6
OspA_protein_69,105,D,54.4
OspA_protein_69,107,K,74.8
OspA_protein_69,108,T,18.4
OspA_protein_69,112,R,28.1
OspA_protein_69,117,K,75.1
OspA_protein_69,118,D,58.1
OspA_protein_69,119,K,83.0
OspA_protein_69,129,K,88.8
OspA_protein_69,139,R,15.6
OspA_protein_69,140,K,72.7
OspA_protein_69,151,Q,57.5
OspA_protein_69,152,N,85.9
OspA_protein_69,153,D,66.2
OspA_protein_69,163,E,76.7
OspA_protein_69,173,T,67.1
OspA_protein_69,174,D,71.5
OspA_protein_69,184,D,91.9
OspA_protein_69,185,T,31.5
OspA_protein_69,194,K,98.2
OspA_protein_69,205,T,67.7
OspA_protein_69,206,K,37.6
OspA_protein_69,207,T,103.8
OspA_protein_69,208,T,48.3
OspA_protein_69,209,P,90.3
OspA_protein_69,210,A,45.6
OspA_protein_69,212,K,37.1
OspA_protein_69,218,K,37.3
OspA_protein_69,220,D,96.1
OspA_protein_69,229,N,57.4
OspA_protein_69,230,K,115.6
OspA_protein_69,231,Q,41.9
OspA_protein_69,240,K,95.9
OspA_protein_69,241,E,70.6
OspA_protein_69,251,S,106.6
OspA_protein_69,252,A,54.5
OspA_protein_69,254,T,72.3
OspA_protein_69,255,K,84.9
OspA_protein_69,257,E,50.9
OspA_protein_69,258,D,95.7
OspA_protein_69,259,S,85.9
OspA_protein_69,260,P,58.1
OspA_protein_69,262,E,33.6
OspA_protein_69,264,K,60.1
OspA_protein_69,267,A,68.9
OspA_protein_70,27,K,99.6
OspA_protein_70,35,P,6.9
OspA_protein_70,36,G,53.6
OspA_protein_70,45,E,89.8
OspA_protein_70,46,K,60.3
OspA_protein_70,48,K,97.0
OspA_protein_70,49,D,67.4
OspA_protein_70,60,K,118.4
OspA_protein_70,62,E,51.1
OspA_protein_70,64,K,28.0
OspA_protein_70,69,K,40.9
OspA_protein_70,70,N,66.1
OspA_protein_70,79,E,53.2
OspA_protein_70,81,T,126.5
OspA_protein_70,82,D,74.3
OspA_protein_70,83,K,58.7
OspA_protein_70,92,E,71.6
OspA_protein_70,104,E,58.9
OspA_protein_70,105,D,58.3
OspA_protein_70,107,K,72.3
OspA_protein_70,108,T,19.8
OspA_protein_70,117,K,84.8
OspA_protein_70,128,E,99.7
OspA_protein_70,129,K,92.4
OspA_protein_70,144,R,40.3
OspA_protein_70,151,K,67.3
OspA_protein_70,152,S,69.7
OspA_protein_70,153,D,58.5
OspA_protein_70,154,K,71.6
OspA_protein_70,161,V,14.6
OspA_protein_70,163,K,83.3
OspA_protein_70,164,D,45.0
OspA_protein_70,173,A,52.0
OspA_protein_70,174,D,73.3
OspA_protein_70,176,K,40.0
OspA_protein_70,184,G,96.8
OspA_protein_70,185,T,46.8
OspA_protein_70,187,T,15.8
OspA_protein_70,194,K,94.4
OspA_protein_70,197,E,62.1
OspA_protein_70,203,D,65.3
OspA_protein_70,205,T,83.3
OspA_protein_70,207,S,117.3
OspA_protein_70,208,S,47.6
OspA_protein_70,209,G,77.9
OspA_protein_70,211,K,49.4
OspA_protein_70,215,T,67.5
OspA_protein_70,217,D,45.4
OspA_protein_70,219,G,100.5
OspA_protein_70,220,T,64.6
OspA_protein_70,228,N,73.6
OspA_protein_70,229,R,118.3
OspA_protein_70,230,Q,42.6
OspA_protein_70,231,K,45.7
OspA_protein_70,239,K,103.4
OspA_protein_70,240,E,69.9
OspA_protein_70,249,D,20.7
OspA_protein_70,250,S,108.1
OspA_protein_70,251,A,61.8
OspA_protein_70,253,T,70.4
OspA_protein_70,254,N,72.9
OspA_protein_70,256,E,51.6
OspA_protein_70,257,G,101.5
OspA_protein_70,258,K,101.2
OspA_protein_70,259,A,46.1
OspA_protein_70,261,E,36.0
OspA_protein_70,266,K,76.8
OspA_protein_71,27,K,99.2
OspA_protein_71,35,P,6.7
OspA_protein_71,36,G,23.5
OspA_protein_71,37,E,113.5
OspA_protein_71,45,E,89.1
OspA_protein_71,46,K,59.7
OspA_protein_71,48,K,97.7
OspA_protein_71,49,D,68.0
OspA_protein_71,60,K,117.4
OspA_protein_71,70,S,53.4
OspA_protein_71,81,T,124.9
OspA_protein_71,92,D,62.8
OspA_protein_71,104,E,58.8
OspA_protein_71,107,K,71.3
OspA_protein_71,112,R,30.1
OspA_protein_71,117,K,80.9
OspA_protein_71,118,D,66.5
OspA_protein_71,119,K,83.2
OspA_protein_71,129,K,94.2
OspA_protein_71,139,R,17.2
OspA_protein_71,141,N,49.7
OspA_protein_71,151,K,68.7
OspA_protein_71,152,S,94.6
OspA_protein_71,153,D,70.7
OspA_protein_71,163,K,81.2
OspA_protein_71,173,A,51.6
OspA_protein_71,174,D,85.8
OspA_protein_71,175,K,40.2
OspA_protein_71,184,T,44.7
OspA_protein_71,186,T,14.5
OspA_protein_71,196,E,61.9
OspA_protein_71,202,N,59.7
OspA_protein_71,204,T,71.8
OspA_protein_71,206,S,117.9
OspA_protein_71,207,S,53.1
OspA_protein_71,208,G,81.2
OspA_protein_71,210,K,47.9
OspA_protein_71,214,Q,76.4
OspA_protein_71,218,S,93.4
OspA_protein_71,219,T,59.1
OspA_protein_71,227,K,63.9
OspA_protein_71,228,N,129.5
OspA_protein_71,229,K,49.6
OspA_protein_71,230,K,46.3
OspA_protein_71,235,V,21.8
OspA_protein_71,238,K,100.1
OspA_protein_71,239,Q,74.6
OspA_protein_71,241,T,13.6
OspA_protein_71,247,Y,9.1
OspA_protein_71,248,D,11.3
OspA_protein_71,249,S,100.9
OspA_protein_71,250,A,60.1
OspA_protein_71,251,G,8.6
OspA_protein_71,252,T,71.1
OspA_protein_71,253,N,72.4
OspA_protein_71,255,E,58.2
OspA_protein_71,256,G,108.4
OspA_protein_71,257,S,85.5
OspA_protein_71,260,E,32.7
OspA_protein_71,265,D,70.8
OspA_protein_71,269,N,55.2
OspA_protein_72,27,K,100.5
OspA_protein_72,35,P,4.7
OspA_protein_72,36,G,52.6
OspA_protein_72,45,E,89.6
OspA_protein_72,46,K,60.3
OspA_protein_72,48,K,100.1
OspA_protein_72,49,D,69.6
OspA_protein_72,60,K,117.4
OspA_protein_72,62,E,47.3
OspA_protein_72,64,K,27.2
OspA_protein_72,70,N,65.0
OspA_protein_72,71,N,34.8
OspA_protein_72,79,E,57.2
OspA_protein_72,81,T,126.2
OspA_protein_72,82,D,74.5
OspA_protein_72,83,K,57.1
OspA_protein_72,92,E,69.9
OspA_protein_72,104,E,58.3
OspA_protein_72,105,D,58.6
OspA_protein_72,107,K,74.4
OspA_protein_72,108,T,23.5
OspA_protein_72,117,K,78.3
OspA_protein_72,125,K,45.7
OspA_protein_72,128,E,92.2
OspA_protein_72,129,K,117.5
OspA_protein_72,140,K,73.4
OspA_protein_72,144,R,39.1
OspA_protein_72,146,E,16.6
OspA_protein_72,151,K,68.2
OspA_protein_72,152,S,115.9
OspA_protein_72,153,N,66.8
OspA_protein_72,161,V,16.7
OspA_protein_72,163,K,79.5
OspA_protein_72,165,F,7.7
OspA_protein_72,168,E,61.5
OspA_protein_72,173,A,63.4
OspA_protein_72,174,D,75.4
OspA_protein_72,184,G,95.3
OspA_protein_72,185,T,41.2
OspA_protein_72,187,T,20.5
OspA_protein_72,194,K,98.4
OspA_protein_72,197,E,63.1
OspA_protein_72,201,D,24.0
OspA_protein_72,203,K,69.7
OspA_protein_72,205,T,76.6
OspA_protein_72,206,E,23.6
OspA_protein_72,207,T,101.9
OspA_protein_72,208,T,57.1
OspA_protein_72,209,Q,93.4
OspA_protein_72,210,A,50.7
OspA_protein_72,212,K,33.1
OspA_protein_72,216,E,63.3
OspA_protein_72,218,D,27.5
OspA_protein_72,219,S,67.3
OspA_protein_72,220,G,104.0
OspA_protein_72,229,N,60.6
OspA_protein_72,230,S,113.8
OspA_protein_72,231,K,40.4
OspA_protein_72,232,K,28.6
OspA_protein_72,240,K,97.3
OspA_protein_72,241,E,68.2
OspA_protein_72,243,T,8.5
OspA_protein_72,250,D,16.2
OspA_protein_72,251,S,92.3
OspA_protein_72,252,A,88.3
OspA_protein_72,253,S,50.2
OspA_protein_72,254,G,4.2
OspA_protein_72,255,T,67.6
OspA_protein_72,256,N,76.7
OspA_protein_72,257,L,46.1
OspA_protein_72,258,E,47.1
OspA_protein_72,259,G,98.9
OspA_protein_72,260,T,89.2
OspA_protein_72,261,A,47.2
OspA_protein_72,262,I,68.5
OspA_protein_72,263,E,35.1
OspA_protein_72,265,T,50.1
OspA_protein_72,268,D,63.3
OspA_protein_72,271,K,32.1
OspA_protein_72,272,K,63.9
OspA_protein_73,27,K,100.4
OspA_protein_73,35,P,6.4
OspA_protein_73,36,G,24.8
OspA_protein_73,37,E,111.5
OspA_protein_73,46,K,58.4
OspA_protein_73,48,K,99.6
OspA_protein_73,49,D,69.5
OspA_protein_73,60,K,118.3
OspA_protein_73,70,S,52.7
OspA_protein_73,79,E,55.1
OspA_protein_73,83,K,57.7
OspA_protein_73,92,Q,59.2
OspA_protein_73,93,D,67.6
OspA_protein_73,104,E,59.7
OspA_protein_73,105,D,54.5
OspA_protein_73,107,K,70.3
OspA_protein_73,108,T,18.1
OspA_protein_73,112,R,30.8
OspA_protein_73,117,K,74.8
OspA_protein_73,118,D,58.8
OspA_protein_73,119,K,82.1
OspA_protein_73,128,D,101.5
OspA_protein_73,129,K,88.2
OspA_protein_73,131,K,58.8
OspA_protein_73,139,R,15.5
OspA_protein_73,140,K,71.3
OspA_protein_73,151,Q,59.4
OspA_protein_73,152,N,87.4
OspA_protein_73,153,D,68.3
OspA_protein_73,163,E,77.2
OspA_protein_73,173,A,58.6
OspA_protein_73,174,D,74.3
OspA_protein_73,184,G,107.6
OspA_protein_73,185,T,46.0
OspA_protein_73,187,T,25.9
OspA_protein_73,194,K,96.0
OspA_protein_73,205,T,79.8
OspA_protein_73,206,A,17.0
OspA_protein_73,207,S,125.4
OspA_protein_73,208,A,71.2
OspA_protein_73,209,N,58.3
OspA_protein_73,210,K,50.6
OspA_protein_73,217,S,56.5
OspA_protein_73,218,D,108.0
OspA_protein_73,227,N,70.2
OspA_protein_73,228,S,113.5
OspA_protein_73,229,Q,45.9
OspA_protein_73,230,K,44.1
OspA_protein_73,238,K,93.3
OspA_protein_73,239,E,70.0
OspA_protein_73,248,N,28.6
OspA_protein_73,249,T,106.3
OspA_protein_73,250,A,56.4
OspA_protein_73,251,G,7.2
OspA_protein_73,252,N,89.9
OspA_protein_73,254,L,44.4
OspA_protein_73,255,E,47.6
OspA_protein_73,256,G,104.6
OspA_protein_73,257,S,88.2
OspA_protein_73,258,P,57.3
OspA_protein_73,262,K,62.9
OspA_protein_73,265,A,67.2
OspA_protein_74,27,K,98.5
OspA_protein_74,35,P,6.8
OspA_protein_74,36,G,18.3
OspA_protein_74,37,E,121.4
OspA_protein_74,46,K,60.4
OspA_protein_74,48,K,102.9
OspA_protein_74,49,D,68.9
OspA_protein_74,60,K,117.3
OspA_protein_74,70,D,64.9
OspA_protein_74,71,N,32.8
OspA_protein_74,81,D,129.6
OspA_protein_74,82,D,65.5
OspA_protein_74,83,K,63.4
OspA_protein_74,92,D,62.0
OspA_protein_74,104,E,59.1
OspA_protein_74,105,D,58.4
OspA_protein_74,107,K,97.8
OspA_protein_74,117,K,81.5
OspA_protein_74,118,D,52.9
OspA_protein_74,119,K,84.9
OspA_protein_74,128,E,97.6
OspA_protein_74,129,K,95.2
OspA_protein_74,131,E,34.4
OspA_protein_74,135,K,22.9
OspA_protein_74,139,R,19.7
OspA_protein_74,140,E,73.7
OspA_protein_74,141,N,47.3
OspA_protein_74,151,K,68.6
OspA_protein_74,152,S,92.7
OspA_protein_74,153,D,72.8
OspA_protein_74,155,T,23.1
OspA_protein_74,157,K,55.3
OspA_protein_74,163,K,86.3
OspA_protein_74,170,K,60.2
OspA_protein_74,172,A,18.1
OspA_protein_74,173,N,105.6
OspA_protein_74,175,K,38.3
OspA_protein_74,183,G,104.0
OspA_protein_74,184,T,46.3
OspA_protein_74,196,E,60.8
OspA_protein_74,202,N,61.0
OspA_protein_74,204,T,68.3
OspA_protein_74,205,N,20.9
OspA_protein_74,206,T,107.3
OspA_protein_74,207,T,58.6
OspA_protein_74,208,Q,80.3
OspA_protein_74,209,A,59.5
OspA_protein_74,211,K,34.2
OspA_protein_74,217,D,38.7
OspA_protein_74,218,S,56.0
OspA_protein_74,219,K,109.3
OspA_protein_74,228,N,56.2
OspA_protein_74,229,S,99.7
OspA_protein_74,230,K,49.2
OspA_protein_74,239,K,102.1
OspA_protein_74,240,Q,73.1
OspA_protein_74,242,T,8.7
OspA_protein_74,250,S,100.9
OspA_protein_74,251,A,61.0
OspA_protein_74,253,T,69.3
OspA_protein_74,254,N,73.1
OspA_protein_74,256,E,58.2
OspA_protein_74,257,G,101.7
OspA_protein_74,258,T,90.8
OspA_protein_74,261,E,29.0
OspA_protein_74,266,D,65.3
OspA_protein_74,270,N,68.4
OspA_protein_75,35,P,7.8
OspA_protein_75,36,G,25.7
OspA_protein_75,37,E,111.0
OspA_protein_75,46,K,60.6
OspA_protein_75,48,K,97.4
OspA_protein_75,49,D,73.6
OspA_protein_75,60,K,117.4
OspA_protein_75,70,N,58.4
OspA_protein_75,92,D,63.4
OspA_protein_75,94,L,22.2
OspA_protein_75,107,K,82.4
OspA_protein_75,117,K,83.3
OspA_protein_75,128,E,90.7
OspA_protein_75,129,K,95.0
OspA_protein_75,151,K,67.7
OspA_protein_75,152,S,94.3
OspA_protein_75,163,K,80.5
OspA_protein_75,174,E,86.5
OspA_protein_75,175,K,35.0
OspA_protein_75,183,G,105.7
OspA_protein_75,184,T,48.1
OspA_protein_75,204,T,74.6
OspA_protein_75,205,D,18.3
OspA_protein_75,206,S,111.4
OspA_protein_75,207,S,45.0
OspA_protein_75,208,A,80.5
OspA_protein_75,209,A,60.7
OspA_protein_75,217,N,55.4
OspA_protein_75,218,S,60.8
OspA_protein_75,219,G,101.7
OspA_protein_75,230,K,45.1
OspA_protein_75,231,K,45.3
OspA_protein_75,239,K,104.1
OspA_protein_75,240,E,72.0
OspA_protein_75,250,S,92.8
OspA_protein_75,251,N,74.0
OspA_protein_75,253,T,72.9
OspA_protein_75,254,K,83.8
OspA_protein_75,255,L,46.8
OspA_protein_75,256,E,53.2
OspA_protein_75,258,S,85.0
OspA_protein_75,263,T,54.5
OspA_protein_75,270,N,59.6
OspA_protein_76,27,K,98.2
OspA_protein_76,35,P,8.2
OspA_protein_76,36,G,25.4
OspA_protein_76,37,E,111.7
OspA_protein_76,46,K,60.7
OspA_protein_76,48,K,98.8
OspA_protein_76,49,D,72.2
OspA_protein_76,60,K,117.6
OspA_protein_76,70,N,66.2
OspA_protein_76,92,D,63.1
OspA_protein_76,94,L,22.7
OspA_protein_76,107,K,76.8
OspA_protein_76,117,K,83.7
OspA_protein_76,128,E,98.9
OspA_protein_76,129,K,95.6
OspA_protein_76,151,K,68.4
OspA_protein_76,152,S,92.2
OspA_protein_76,163,K,80.5
OspA_protein_76,174,E,87.7
OspA_protein_76,175,K,34.9
OspA_protein_76,183,G,104.8
OspA_protein_76,184,T,47.4
OspA_protein_76,204,T,73.9
OspA_protein_76,205,D,17.7
OspA_protein_76,206,S,111.8
OspA_protein_76,207,S,44.6
OspA_protein_76,208,A,81.6
OspA_protein_76,209,A,60.7
OspA_protein_76,217,N,54.4
OspA_protein_76,218,S,64.8
OspA_protein_76,219,G,100.6
OspA_protein_76,230,K,45.7
OspA_protein_76,231,K,44.6
OspA_protein_76,239,K,104.1
OspA_protein_76,240,E,72.0
OspA_protein_76,250,S,92.7
OspA_protein_76,251,N,73.9
OspA_protein_76,253,T,72.4
OspA_protein_76,254,K,84.9
OspA_protein_76,255,L,45.7
OspA_protein_76,256,E,54.7
OspA_protein_76,258,S,86.4
OspA_protein_76,263,T,54.1
OspA_protein_76,270,N,50.6
OspA_protein_77,27,K,100.5
OspA_protein_77,35,P,6.5
OspA_protein_77,36,G,25.0
OspA_protein_77,37,E,112.9
OspA_protein_77,45,E,88.5
OspA_protein_77,46,K,59.6
OspA_protein_77,48,K,94.7
OspA_protein_77,49,D,67.5
OspA_protein_77,60,K,116.7
OspA_protein_77,64,K,28.2
OspA_protein_77,70,N,67.4
OspA_protein_77,79,E,57.1
OspA_protein_77,81,T,128.2
OspA_protein_77,83,K,58.4
OspA_protein_77,92,D,63.0
OspA_protein_77,104,E,59.4
OspA_protein_77,105,D,56.8
OspA_protein_77,107,K,70.6
OspA_protein_77,112,R,30.2
OspA_protein_77,117,K,80.6
OspA_protein_77,118,D,66.0
OspA_protein_77,119,K,84.0
OspA_protein_77,129,K,95.8
OspA_protein_77,131,E,35.3
OspA_protein_77,139,R,21.9
OspA_protein_77,141,N,36.8
OspA_protein_77,144,R,40.3
OspA_protein_77,152,S,93.8
OspA_protein_77,153,D,61.9
OspA_protein_77,155,S,11.9
OspA_protein_77,168,E,66.8
OspA_protein_77,173,A,60.6
OspA_protein_77,174,D,73.0
OspA_protein_77,184,G,81.3
OspA_protein_77,185,T,44.7
OspA_protein_77,205,T,86.9
OspA_protein_77,206,S,18.0
OspA_protein_77,207,S,96.0
OspA_protein_77,208,G,85.2
OspA_protein_77,209,S,60.5
OspA_protein_77,211,K,45.8
OspA_protein_77,219,T,115.5
OspA_protein_77,228,D,59.7
OspA_protein_77,229,S,118.6
OspA_protein_77,230,K,44.1
OspA_protein_77,231,K,45.4
OspA_protein_77,239,T,91.5
OspA_protein_77,240,D,51.0
OspA_protein_77,242,T,1.3
OspA_protein_77,244,T,8.9
OspA_protein_77,249,D,29.7
OspA_protein_77,250,T,108.7
OspA_protein_77,251,A,57.7
OspA_protein_77,252,G,7.4
OspA_protein_77,253,T,73.7
OspA_protein_77,254,K,84.5
OspA_protein_77,255,L,48.0
OspA_protein_77,256,A,35.9
OspA_protein_77,258,T,91.7
OspA_protein_77,261,E,31.8
OspA_protein_77,263,K,54.1
OspA_protein_77,266,A,65.3
OspA_protein_77,270,T,65.9
OspA_protein_78,27,K,98.7
OspA_protein_78,35,P,7.0
OspA_protein_78,36,G,15.5
OspA_protein_78,37,E,115.8
OspA_protein_78,45,E,89.7
OspA_protein_78,46,K,60.8
OspA_protein_78,48,K,96.5
OspA_protein_78,49,D,69.2
OspA_protein_78,60,K,114.4
OspA_protein_78,70,N,68.1
OspA_protein_78,81,D,126.4
OspA_protein_78,82,D,77.6
OspA_protein_78,83,K,61.1
OspA_protein_78,92,D,62.4
OspA_protein_78,104,E,59.1
OspA_protein_78,107,K,66.2
OspA_protein_78,112,R,33.3
OspA_protein_78,117,K,80.6
OspA_protein_78,118,D,49.5
OspA_protein_78,119,K,85.1
OspA_protein_78,128,E,97.9
OspA_protein_78,129,K,94.2
OspA_protein_78,139,R,18.5
OspA_protein_78,140,E,74.8
OspA_protein_78,141,N,47.1
OspA_protein_78,151,K,67.4
OspA_protein_78,152,S,95.2
OspA_protein_78,163,K,82.5
OspA_protein_78,164,D,43.9
OspA_protein_78,165,F,7.5
OspA_protein_78,173,A,68.0
OspA_protein_78,181,K,64.4
OspA_protein_78,183,G,110.4
OspA_protein_78,184,T,49.1
OspA_protein_78,193,N,89.3
OspA_protein_78,202,N,60.9
OspA_protein_78,204,T,74.9
OspA_protein_78,205,S,11.1
OspA_protein_78,206,S,110.9
OspA_protein_78,207,T,58.5
OspA_protein_78,208,Q,84.8
OspA_protein_78,209,A,61.8
OspA_protein_78,211,K,34.4
OspA_protein_78,215,K,65.5
OspA_protein_78,219,K,110.3
OspA_protein_78,229,S,97.2
OspA_protein_78,230,K,45.0
OspA_protein_78,231,N,21.5
OspA_protein_78,232,K,31.4
OspA_protein_78,239,K,100.4
OspA_protein_78,240,Q,72.9
OspA_protein_78,242,T,7.4
OspA_protein_78,250,S,98.5
OspA_protein_78,251,A,56.2
OspA_protein_78,253,T,83.0
OspA_protein_78,255,L,46.0
OspA_protein_78,256,E,51.2
OspA_protein_78,257,G,98.9
OspA_protein_78,258,T,90.1
OspA_protein_78,261,E,30.4
OspA_protein_78,263,K,59.6
OspA_protein_78,270,N,51.7
OspA_protein_79,27,K,99.5
OspA_protein_79,31,S,59.2
OspA_protein_79,35,P,5.1
OspA_protein_79,36,G,49.3
OspA_protein_79,43,S,5.0
OspA_protein_79,45,E,89.5
OspA_protein_79,46,K,60.2
OspA_protein_79,48,K,105.1
OspA_protein_79,49,D,69.7
OspA_protein_79,55,E,4.6
OspA_protein_79,60,K,115.6
OspA_protein_79,62,E,63.3
OspA_protein_79,64,K,21.7
OspA_protein_79,70,N,65.6
OspA_protein_79,79,E,54.3
OspA_protein_79,81,T,126.6
OspA_protein_79,82,D,75.7
OspA_protein_79,83,K,58.2
OspA_protein_79,92,D,62.0
OspA_protein_79,104,E,58.5
OspA_protein_79,105,D,56.7
OspA_protein_79,107,K,87.9
OspA_protein_79,108,T,19.8
OspA_protein_79,117,K,77.7
OspA_protein_79,128,E,98.1
OspA_protein_79,129,K,91.9
OspA_protein_79,144,R,41.4
OspA_protein_79,151,K,69.2
OspA_protein_79,152,S,87.1
OspA_protein_79,161,V,14.5
OspA_protein_79,163,K,83.3
OspA_protein_79,164,D,46.4
OspA_protein_79,173,A,62.4
OspA_protein_79,174,D,74.8
OspA_protein_79,184,G,95.1
OspA_protein_79,185,T,45.1
OspA_protein_79,186,V,0.7
OspA_protein_79,187,V,22.7
OspA_protein_79,197,E,54.8
OspA_protein_79,203,D,70.3
OspA_protein_79,205,S,75.2
OspA_protein_79,206,D,16.5
OspA_protein_79,207,T,107.8
OspA_protein_79,208,T,58.2
OspA_protein_79,209,Q,77.7
OspA_protein_79,210,A,61.4
OspA_protein_79,212,K,33.3
OspA_protein_79,216,K,81.6
OspA_protein_79,220,K,108.1
OspA_protein_79,229,N,54.8
OspA_protein_79,230,S,96.3
OspA_protein_79,231,Q,48.1
OspA_protein_79,232,K,43.5
OspA_protein_79,241,E,69.9
OspA_protein_79,243,T,7.3
OspA_protein_79,250,D,9.8
OspA_protein_79,251,S,108.9
OspA_protein_79,252,A,63.7
OspA_protein_79,253,G,6.6
OspA_protein_79,254,T,71.6
OspA_protein_79,255,N,72.0
OspA_protein_79,256,L,41.6
OspA_protein_79,257,E,60.0
OspA_protein_79,258,G,89.9
OspA_protein_79,259,K,101.0
OspA_protein_79,260,A,48.8
OspA_protein_79,262,E,36.1
OspA_protein_79,267,K,76.8
OspA_protein_80,27,K,100.8
OspA_protein_80,35,P,6.9
OspA_protein_80,36,G,49.4
OspA_protein_80,45,E,89.6
OspA_protein_80,46,K,57.9
OspA_protein_80,48,K,101.6
OspA_protein_80,49,D,69.4
OspA_protein_80,60,K,119.1
OspA_protein_80,70,S,52.2
OspA_protein_80,79,E,42.3
OspA_protein_80,92,Q,58.4
OspA_protein_80,93,D,67.4
OspA_protein_80,104,E,71.5
OspA_protein_80,107,K,74.0
OspA_protein_80,112,R,31.6
OspA_protein_80,117,K,74.8
OspA_protein_80,118,D,66.3
OspA_protein_80,119,K,89.0
OspA_protein_80,128,D,92.9
OspA_protein_80,129,K,86.3
OspA_protein_80,139,R,18.3
OspA_protein_80,141,N,53.7
OspA_protein_80,151,Q,62.3
OspA_protein_80,152,D,78.4
OspA_protein_80,153,D,67.3
OspA_protein_80,161,V,16.9
OspA_protein_80,163,K,81.1
OspA_protein_80,173,A,59.4
OspA_protein_80,174,D,77.3
OspA_protein_80,184,G,104.2
OspA_protein_80,185,T,45.3
OspA_protein_80,194,K,97.3
OspA_protein_80,197,E,63.3
OspA_protein_80,204,D,4.2
OspA_protein_80,205,T,87.7
OspA_protein_80,206,D,19.0
OspA_protein_80,207,S,115.7
OspA_protein_80,208,S,52.3
OspA_protein_80,209,A,72.4
OspA_protein_80,210,D,52.7
OspA_protein_80,211,K,41.0
OspA_protein_80,215,E,56.9
OspA_protein_80,219,D,99.2
OspA_protein_80,228,N,67.4
OspA_protein_80,229,S,110.8
OspA_protein_80,230,K,44.4
OspA_protein_80,239,K,103.1
OspA_protein_80,240,E,73.0
OspA_protein_80,241,D,4.7
OspA_protein_80,249,N,18.5
OspA_protein_80,250,T,101.4
OspA_protein_80,251,A,54.7
OspA_protein_80,253,T,87.0
OspA_protein_80,255,L,42.7
OspA_protein_80,256,E,57.1
OspA_protein_80,257,G,91.0
OspA_protein_80,258,N,107.0
OspA_protein_80,259,P,55.3
OspA_protein_80,261,E,29.1
OspA_protein_80,263,K,50.7
OspA_protein_80,266,T,74.2
OspA_protein_80,270,T,57.9
OspA_protein_81,27,K,100.8
OspA_protein_81,31,S,59.4
OspA_protein_81,35,P,6.8
OspA_protein_81,36,G,50.9
OspA_protein_81,45,E,89.5
OspA_protein_81,46,K,59.8
OspA_protein_81,48,K,103.6
OspA_protein_81,49,D,68.8
OspA_protein_81,55,E,4.7
OspA_protein_81,60,K,115.7
OspA_protein_81,62,E,51.1
OspA_protein_81,64,K,20.1
OspA_protein_81,70,N,65.8
OspA_protein_81,79,E,54.5
OspA_protein_81,81,T,127.4
OspA_protein_81,82,D,75.4
OspA_protein_81,83,K,58.4
OspA_protein_81,92,D,62.9
OspA_protein_81,104,E,58.6
OspA_protein_81,105,D,58.5
OspA_protein_81,107,K,78.1
OspA_protein_81,108,T,19.7
OspA_protein_81,117,K,83.8
OspA_protein_81,128,E,98.4
OspA_protein_81,129,K,92.6
OspA_protein_81,144,R,41.0
OspA_protein_81,151,K,69.3
OspA_protein_81,152,S,87.5
OspA_protein_81,161,V,14.8
OspA_protein_81,163,K,83.6
OspA_protein_81,164,D,46.1
OspA_protein_81,173,A,62.3
OspA_protein_81,174,D,75.0
OspA_protein_81,184,G,95.4
OspA_protein_81,185,T,45.3
OspA_protein_81,186,V,0.3
OspA_protein_81,197,E,54.1
OspA_protein_81,203,D,70.8
OspA_protein_81,205,S,75.0
OspA_protein_81,206,D,16.8
OspA_protein_81,207,T,107.3
OspA_protein_81,208,T,59.1
OspA_protein_81,209,Q,78.4
OspA_protein_81,210,A,61.9
OspA_protein_81,212,K,32.6
OspA_protein_81,216,K,81.4
OspA_protein_81,220,K,109.3
OspA_protein_81,230,S,95.5
OspA_protein_81,231,K,50.1
OspA_protein_81,232,K,43.2
OspA_protein_81,241,E,71.2
OspA_protein_81,243,T,7.6
OspA_protein_81,249,Y,9.9
OspA_protein_81,250,D,12.5
OspA_protein_81,251,S,100.1
OspA_protein_81,252,A,61.7
OspA_protein_81,254,T,70.8
OspA_protein_81,255,N,73.1
OspA_protein_81,256,L,45.6
OspA_protein_81,257,E,53.6
OspA_protein_81,258,G,101.9
OspA_protein_81,259,K,101.4
OspA_protein_81,260,A,45.6
OspA_protein_81,262,E,35.7
OspA_protein_81,267,K,75.3
OspA_protein_82,26,E,97.9
OspA_protein_82,27,K,99.4
OspA_protein_82,35,P,5.9
OspA_protein_82,36,G,28.9
OspA_protein_82,37,E,107.0
OspA_protein_82,45,E,91.6
OspA_protein_82,46,K,61.1
OspA_protein_82,48,K,103.1
OspA_protein_82,49,D,70.7
OspA_protein_82,60,K,117.0
OspA_protein_82,64,K,30.3
OspA_protein_82,69,K,44.6
OspA_protein_82,70,N,69.0
OspA_protein_82,81,D,130.2
OspA_protein_82,82,D,78.5
OspA_protein_82,83,K,64.8
OspA_protein_82,92,D,62.9
OspA_protein_82,93,D,85.6
OspA_protein_82,94,L,19.4
OspA_protein_82,104,E,56.5
OspA_protein_82,105,D,91.0
OspA_protein_82,116,K,83.8
OspA_protein_82,117,D,63.2
OspA_protein_82,118,K,77.9
OspA_protein_82,124,K,52.1
OspA_protein_82,127,E,98.2
OspA_protein_82,128,K,95.7
OspA_protein_82,138,R,17.1
OspA_protein_82,140,N,31.8
OspA_protein_82,145,E,28.7
OspA_protein_82,149,M,7.0
OspA_protein_82,150,T,70.1
OspA_protein_82,151,D,44.7
OspA_protein_82,152,A,57.5
OspA_protein_82,153,E,37.8
OspA_protein_82,154,N,28.4
OspA_protein_82,163,K,66.5
OspA_protein_82,164,N,30.7
OspA_protein_82,167,K,61.6
OspA_protein_82,169,P,49.1
OspA_protein_82,171,N,32.3
OspA_protein_82,173,V,64.4
OspA_protein_82,174,G,65.9
OspA_protein_82,176,K,47.1
OspA_protein_82,185,T,49.1
OspA_protein_82,194,K,85.7
OspA_protein_82,203,N,60.8
OspA_protein_82,205,T,73.4
OspA_protein_82,206,S,8.3
OspA_protein_82,207,S,103.8
OspA_protein_82,208,T,50.9
OspA_protein_82,209,P,90.4
OspA_protein_82,210,N,67.4
OspA_protein_82,212,K,35.4
OspA_protein_82,216,K,75.3
OspA_protein_82,220,R,111.0
OspA_protein_82,230,S,112.0
OspA_protein_82,231,K,42.0
OspA_protein_82,240,K,103.2
OspA_protein_82,241,Q,61.9
OspA_protein_82,250,N,14.2
OspA_protein_82,251,P,86.6
OspA_protein_82,252,A,57.4
OspA_protein_82,253,G,4.6
OspA_protein_82,254,N,81.2
OspA_protein_82,255,K,80.2
OspA_protein_82,256,L,38.5
OspA_protein_82,257,E,50.8
OspA_protein_82,259,T,89.9
OspA_protein_82,262,E,36.9
OspA_protein_82,271,N,53.6
OspA_protein_83,27,K,100.0
OspA_protein_83,35,P,7.5
OspA_protein_83,36,G,29.8
OspA_protein_83,37,E,107.3
OspA_protein_83,45,E,89.2
OspA_protein_83,46,K,58.8
OspA_protein_83,48,K,106.0
OspA_protein_83,49,D,70.2
OspA_protein_83,60,K,116.2
OspA_protein_83,64,K,27.0
OspA_protein_83,70,S,52.8
OspA_protein_83,79,E,55.9
OspA_protein_83,83,K,58.0
OspA_protein_83,92,D,62.3
OspA_protein_83,104,E,58.4
OspA_protein_83,105,D,58.8
OspA_protein_83,107,K,82.3
OspA_protein_83,108,T,19.7
OspA_protein_83,117,K,83.3
OspA_protein_83,128,E,99.6
OspA_protein_83,129,K,93.7
OspA_protein_83,141,N,50.1
OspA_protein_83,144,R,45.4
OspA_protein_83,151,K,68.9
OspA_protein_83,152,S,86.6
OspA_protein_83,163,K,82.6
OspA_protein_83,164,D,46.9
OspA_protein_83,173,A,61.7
OspA_protein_83,174,D,72.6
OspA_protein_83,183,E,19.7
OspA_protein_83,184,G,95.6
OspA_protein_83,185,T,46.2
OspA_protein_83,186,V,1.3
OspA_protein_83,197,E,54.0
OspA_protein_83,203,D,69.5
OspA_protein_83,205,S,74.0
OspA_protein_83,206,D,16.2
OspA_protein_83,207,T,108.0
OspA_protein_83,208,T,58.8
OspA_protein_83,209,Q,77.7
OspA_protein_83,210,A,62.1
OspA_protein_83,212,K,33.1
OspA_protein_83,220,K,109.2
OspA_protein_83,230,S,95.3
OspA_protein_83,231,Q,46.5
OspA_protein_83,232,K,43.0
OspA_protein_83,241,E,70.1
OspA_protein_83,243,T,8.0
OspA_protein_83,250,D,11.6
OspA_protein_83,251,S,106.9
OspA_protein_83,252,A,64.3
OspA_protein_83,253,G,6.8
OspA_protein_83,254,T,70.2
OspA_protein_83,255,N,72.4
OspA_protein_83,257,E,57.1
OspA_protein_83,258,G,102.4
OspA_protein_83,259,K,99.8
OspA_protein_83,262,E,35.1
OspA_protein_83,267,K,75.5
OspA_protein_84,26,E,100.4
OspA_protein_84,27,K,98.9
OspA_protein_84,35,P,7.3
OspA_protein_84,36,G,53.7
OspA_protein_84,45,E,89.7
OspA_protein_84,46,K,59.9
OspA_protein_84,48,K,103.1
OspA_protein_84,49,D,68.7
OspA_protein_84,60,K,116.5
OspA_protein_84,62,E,53.2
OspA_protein_84,64,K,28.0
OspA_protein_84,69,K,40.7
OspA_protein_84,70,N,65.8
OspA_protein_84,79,E,53.9
OspA_protein_84,81,T,126.6
OspA_protein_84,82,D,74.7
OspA_protein_84,83,K,58.0
OspA_protein_84,92,E,71.5
OspA_protein_84,104,E,57.6
OspA_protein_84,105,D,58.0
OspA_protein_84,107,K,80.1
OspA_protein_84,108,T,20.0
OspA_protein_84,117,K,83.0
OspA_protein_84,128,E,99.3
OspA_protein_84,129,K,92.6
OspA_protein_84,144,R,43.2
OspA_protein_84,151,K,67.2
OspA_protein_84,152,S,71.6
OspA_protein_84,153,D,59.1
OspA_protein_84,154,K,71.1
OspA_protein_84,161,V,15.6
OspA_protein_84,163,K,83.5
OspA_protein_84,164,D,47.2
OspA_protein_84,173,A,52.5
OspA_protein_84,174,D,73.5
OspA_protein_84,176,K,40.2
OspA_protein_84,184,G,95.9
OspA_protein_84,185,T,46.5
OspA_protein_84,187,T,16.0
OspA_protein_84,194,K,93.9
OspA_protein_84,197,E,62.5
OspA_protein_84,203,D,60.3
OspA_protein_84,205,T,74.7
OspA_protein_84,207,S,119.0
OspA_protein_84,208,S,48.7
OspA_protein_84,209,G,80.6
OspA_protein_84,211,K,49.7
OspA_protein_84,215,T,68.4
OspA_protein_84,217,D,46.3
OspA_protein_84,219,G,102.2
OspA_protein_84,220,T,64.5
OspA_protein_84,228,N,74.0
OspA_protein_84,229,R,117.5
OspA_protein_84,230,Q,42.5
OspA_protein_84,231,K,46.1
OspA_protein_84,239,K,103.7
OspA_protein_84,240,E,70.2
OspA_protein_84,250,L,112.0
OspA_protein_84,251,A,56.4
OspA_protein_84,253,T,71.8
OspA_protein_84,254,K,84.9
OspA_protein_84,256,E,55.3
OspA_protein_84,257,G,103.3
OspA_protein_84,258,K,101.4
OspA_protein_84,261,E,35.2
OspA_protein_84,266,K,75.7
OspA_protein_85,26,E,99.7
OspA_protein_85,27,K,99.3
OspA_protein_85,35,P,4.8
OspA_protein_85,36,G,55.7
OspA_protein_85,45,E,90.6
OspA_protein_85,46,K,59.4
OspA_protein_85,48,K,104.8
OspA_protein_85,49,D,70.1
OspA_protein_85,60,K,117.7
OspA_protein_85,62,E,46.2
OspA_protein_85,64,K,29.5
OspA_protein_85,70,N,67.7
OspA_protein_85,79,E,39.8
OspA_protein_85,81,T,119.7
OspA_protein_85,82,D,76.8
OspA_protein_85,83,K,55.4
OspA_protein_85,92,E,71.4
OspA_protein_85,93,D,75.7
OspA_protein_85,104,E,71.1
OspA_protein_85,105,D,58.4
OspA_protein_85,107,K,92.2
OspA_protein_85,108,T,19.1
OspA_protein_85,117,K,79.3
OspA_protein_85,128,E,91.9
OspA_protein_85,129,K,93.8
OspA_protein_85,131,E,48.7
OspA_protein_85,141,N,14.6
OspA_protein_85,148,T,16.1
OspA_protein_85,150,M,6.4
OspA_protein_85,151,T,80.4
OspA_protein_85,152,D,45.8
OspA_protein_85,153,A,54.1
OspA_protein_85,154,D,29.3
OspA_protein_85,155,N,28.8
OspA_protein_85,156,A,0.5
OspA_protein_85,164,K,36.4
OspA_protein_85,170,E,60.9
OspA_protein_85,174,V,68.7
OspA_protein_85,175,G,70.3
OspA_protein_85,177,K,34.0
OspA_protein_85,185,G,101.1
OspA_protein_85,186,T,47.0
OspA_protein_85,206,T,89.9
OspA_protein_85,207,A,15.7
OspA_protein_85,208,S,93.6
OspA_protein_85,209,G,87.7
OspA_protein_85,210,A,61.4
OspA_protein_85,212,K,45.0
OspA_protein_85,220,T,110.6
OspA_protein_85,229,D,53.1
OspA_protein_85,230,S,118.3
OspA_protein_85,231,K,42.4
OspA_protein_85,232,K,45.1
OspA_protein_85,240,T,101.4
OspA_protein_85,241,D,41.9
OspA_protein_85,243,T,3.3
OspA_protein_85,250,N,19.6
OspA_protein_85,251,K,110.7
OspA_protein_85,252,A,59.5
OspA_protein_85,254,T,75.5
OspA_protein_85,255,T,65.0
OspA_protein_85,256,L,45.2
OspA_protein_85,257,E,56.8
OspA_protein_85,259,K,102.6
OspA_protein_85,262,E,32.5
OspA_protein_85,264,K,65.2
OspA_protein_85,267,E,67.4
OspA_protein_86,27,K,100.2
OspA_protein_86,35,P,5.8
OspA_protein_86,36,G,24.4
OspA_protein_86,37,E,104.6
OspA_protein_86,45,E,89.5
OspA_protein_86,46,K,59.9
OspA_protein_86,48,K,94.7
OspA_protein_86,49,D,66.3
OspA_protein_86,60,K,116.3
OspA_protein_86,69,K,43.2
OspA_protein_86,70,N,66.0
OspA_protein_86,71,N,33.1
OspA_protein_86,83,K,63.0
OspA_protein_86,92,D,63.8
OspA_protein_86,93,D,74.4
OspA_protein_86,104,E,59.3
OspA_protein_86,107,T,65.8
OspA_protein_86,108,T,13.3
OspA_protein_86,117,K,70.6
OspA_protein_86,128,A,85.6
OspA_protein_86,129,K,95.1
OspA_protein_86,145,R,38.0
OspA_protein_86,153,S,106.8
OspA_protein_86,164,K,83.3
OspA_protein_86,165,N,52.2
OspA_protein_86,174,T,72.4
OspA_protein_86,175,S,68.3
OspA_protein_86,185,D,87.2
OspA_protein_86,186,T,41.1
OspA_protein_86,192,E,15.1
OspA_protein_86,195,K,88.2
OspA_protein_86,196,D,92.8
OspA_protein_86,198,K,55.9
OspA_protein_86,204,E,71.0
OspA_protein_86,206,T,86.9
OspA_protein_86,207,A,18.7
OspA_protein_86,208,S,110.3
OspA_protein_86,209,S,78.9
OspA_protein_86,210,P,50.7
OspA_protein_86,211,K,49.9
OspA_protein_86,218,D,50.1
OspA_protein_86,219,A,100.5
OspA_protein_86,220,T,63.9
OspA_protein_86,228,N,67.3
OspA_protein_86,229,N,127.8
OspA_protein_86,230,K,49.5
OspA_protein_86,231,K,46.3
OspA_protein_86,236,V,23.1
OspA_protein_86,239,K,96.6
OspA_protein_86,240,E,71.9
OspA_protein_86,249,D,26.2
OspA_protein_86,250,S,104.4
OspA_protein_86,251,G,47.7
OspA_protein_86,252,G,6.4
OspA_protein_86,253,T,85.8
OspA_protein_86,254,T,70.5
OspA_protein_86,255,L,39.7
OspA_protein_86,256,T,43.0
OspA_protein_86,257,G,101.6
OspA_protein_86,258,K,101.1
OspA_protein_86,266,E,53.3
OspA_protein_86,270,N,48.2
OspA_protein_87,27,K,99.3
OspA_protein_87,35,P,8.5
OspA_protein_87,36,G,27.9
OspA_protein_87,37,E,114.3
OspA_protein_87,46,K,60.7
OspA_protein_87,48,K,100.6
OspA_protein_87,49,D,70.3
OspA_protein_87,60,K,117.6
OspA_protein_87,70,N,65.8
OspA_protein_87,71,N,33.5
OspA_protein_87,92,D,62.8
OspA_protein_87,93,D,81.0
OspA_protein_87,94,L,22.7
OspA_protein_87,107,K,90.5
OspA_protein_87,112,R,30.5
OspA_protein_87,117,K,83.2
OspA_protein_87,119,K,84.7
OspA_protein_87,128,E,100.1
OspA_protein_87,129,K,95.7
OspA_protein_87,139,R,19.3
OspA_protein_87,141,N,51.2
OspA_protein_87,152,S,97.3
OspA_protein_87,163,K,82.7
OspA_protein_87,174,E,87.2
OspA_protein_87,175,K,36.3
OspA_protein_87,183,G,103.4
OspA_protein_87,184,T,43.7
OspA_protein_87,200,E,43.5
OspA_protein_87,202,N,59.1
OspA_protein_87,204,T,84.2
OspA_protein_87,205,E,27.7
OspA_protein_87,206,S,107.9
OspA_protein_87,207,S,45.5
OspA_protein_87,208,S,80.4
OspA_protein_87,209,A,56.0
OspA_protein_87,217,N,54.9
OspA_protein_87,218,S,67.0
OspA_protein_87,219,G,100.0
OspA_protein_87,220,T,62.8
OspA_protein_87,230,K,44.6
OspA_protein_87,231,K,45.1
OspA_protein_87,239,K,103.8
OspA_protein_87,240,E,71.2
OspA_protein_87,248,Y,7.8
OspA_protein_87,249,D,22.1
OspA_protein_87,250,T,102.0
OspA_protein_87,251,A,60.1
OspA_protein_87,252,G,6.1
OspA_protein_87,253,T,71.6
OspA_protein_87,254,N,77.9
OspA_protein_87,256,E,48.1
OspA_protein_87,257,G,105.2
OspA_protein_87,258,S,86.7
OspA_protein_87,263,K,57.5
OspA_protein_87,264,K,71.7
OspA_protein_87,270,N,57.2
OspA_protein_88,26,E,101.6
OspA_protein_88,27,K,99.6
OspA_protein_88,35,P,7.5
OspA_protein_88,36,G,25.4
OspA_protein_88,37,E,107.0
OspA_protein_88,45,E,90.1
OspA_protein_88,46,K,60.3
OspA_protein_88,48,K,101.0
OspA_protein_88,49,D,68.7
OspA_protein_88,55,E,6.2
OspA_protein_88,60,K,117.2
OspA_protein_88,70,N,66.8
OspA_protein_88,71,N,33.9
OspA_protein_88,92,D,63.2
OspA_protein_88,104,E,59.3
OspA_protein_88,105,D,56.1
OspA_protein_88,107,K,70.8
OspA_protein_88,108,T,19.4
OspA_protein_88,117,K,84.4
OspA_protein_88,128,D,92.2
OspA_protein_88,129,K,89.5
OspA_protein_88,131,K,60.5
OspA_protein_88,139,R,17.8
OspA_protein_88,141,N,48.5
OspA_protein_88,151,Q,58.5
OspA_protein_88,152,N,87.3
OspA_protein_88,153,D,68.0
OspA_protein_88,155,S,25.7
OspA_protein_88,157,K,52.7
OspA_protein_88,161,V,16.7
OspA_protein_88,163,K,92.0
OspA_protein_88,166,T,33.1
OspA_protein_88,168,E,53.5
OspA_protein_88,173,A,62.3
OspA_protein_88,174,D,82.4
OspA_protein_88,176,E,30.1
OspA_protein_88,182,E,71.6
OspA_protein_88,185,T,38.0
OspA_protein_88,191,N,8.1
OspA_protein_88,194,E,97.7
OspA_protein_88,195,S,101.2
OspA_protein_88,203,K,58.3
OspA_protein_88,205,T,73.8
OspA_protein_88,206,E,21.0
OspA_protein_88,207,T,100.6
OspA_protein_88,208,T,49.7
OspA_protein_88,209,P,90.9
OspA_protein_88,210,A,43.7
OspA_protein_88,212,K,43.9
OspA_protein_88,220,K,108.1
OspA_protein_88,229,N,62.5
OspA_protein_88,230,S,117.5
OspA_protein_88,231,Q,44.2
OspA_protein_88,240,K,101.2
OspA_protein_88,241,E,71.3
OspA_protein_88,250,N,16.2
OspA_protein_88,251,T,105.8
OspA_protein_88,252,A,56.9
OspA_protein_88,254,T,76.2
OspA_protein_88,256,L,42.7
OspA_protein_88,257,E,58.0
OspA_protein_88,258,G,103.4
OspA_protein_88,259,S,89.6
OspA_protein_88,262,E,29.3
OspA_protein_88,264,K,59.9
OspA_protein_88,267,E,64.1
OspA_protein_89,27,K,100.1
OspA_protein_89,31,S,59.1
OspA_protein_89,35,P,7.1
OspA_protein_89,36,G,50.3
OspA_protein_89,45,E,90.0
OspA_protein_89,46,K,59.1
OspA_protein_89,48,K,103.7
OspA_protein_89,49,D,70.2
OspA_protein_89,55,E,4.9
OspA_protein_89,60,K,115.2
OspA_protein_89,62,E,61.3
OspA_protein_89,64,K,22.9
OspA_protein_89,70,N,66.0
OspA_protein_89,79,E,53.7
OspA_protein_89,81,T,127.3
OspA_protein_89,82,D,74.8
OspA_protein_89,83,K,57.6
OspA_protein_89,92,D,63.0
OspA_protein_89,104,E,59.5
OspA_protein_89,105,D,58.9
OspA_protein_89,107,K,89.5
OspA_protein_89,108,T,20.2
OspA_protein_89,117,K,82.1
OspA_protein_89,128,E,99.2
OspA_protein_89,129,K,93.7
OspA_protein_89,144,R,42.1
OspA_protein_89,151,K,69.1
OspA_protein_89,152,S,85.2
OspA_protein_89,161,V,15.0
OspA_protein_89,163,K,82.8
OspA_protein_89,164,D,46.5
OspA_protein_89,173,A,61.2
OspA_protein_89,174,D,74.0
OspA_protein_89,184,G,98.4
OspA_protein_89,185,T,46.6
OspA_protein_89,197,E,55.5
OspA_protein_89,203,D,69.4
OspA_protein_89,205,S,77.3
OspA_protein_89,206,D,21.9
OspA_protein_89,207,T,90.4
OspA_protein_89,208,I,98.9
OspA_protein_89,209,G,50.5
OspA_protein_89,211,K,39.0
OspA_protein_89,219,K,108.5
OspA_protein_89,228,N,79.8
OspA_protein_89,229,S,112.5
OspA_protein_89,230,Q,48.1
OspA_protein_89,231,K,42.5
OspA_protein_89,240,E,71.2
OspA_protein_89,242,T,7.7
OspA_protein_89,249,D,11.7
OspA_protein_89,250,S,106.4
OspA_protein_89,251,A,64.6
OspA_protein_89,253,T,71.3
OspA_protein_89,254,N,72.2
OspA_protein_89,256,E,57.2
OspA_protein_89,257,G,103.3
OspA_protein_89,258,K,101.9
OspA_protein_89,261,E,35.6
OspA_protein_89,266,K,76.3
OspA_protein_90,27,K,99.8
OspA_protein_90,35,P,6.1
OspA_protein_90,36,G,26.4
OspA_protein_90,37,E,111.8
OspA_protein_90,45,E,89.7
OspA_protein_90,46,K,58.9
OspA_protein_90,48,K,101.8
OspA_protein_90,49,D,70.4
OspA_protein_90,60,K,114.0
OspA_protein_90,64,K,27.6
OspA_protein_90,70,S,52.9
OspA_protein_90,71,N,36.7
OspA_protein_90,79,E,43.5
OspA_protein_90,83,K,55.7
OspA_protein_90,92,D,61.4
OspA_protein_90,104,E,71.0
OspA_protein_90,105,D,63.1
OspA_protein_90,107,T,75.6
OspA_protein_90,108,T,18.2
OspA_protein_90,117,K,79.0
OspA_protein_90,118,D,46.9
OspA_protein_90,119,K,80.6
OspA_protein_90,128,D,91.2
OspA_protein_90,129,K,96.0
OspA_protein_90,139,R,16.7
OspA_protein_90,140,K,75.3
OspA_protein_90,144,R,38.5
OspA_protein_90,152,S,102.1
OspA_protein_90,153,N,68.9
OspA_protein_90,163,K,81.5
OspA_protein_90,168,E,53.5
OspA_protein_90,173,A,62.8
OspA_protein_90,174,D,75.4
OspA_protein_90,182,E,68.7
OspA_protein_90,184,G,105.2
OspA_protein_90,185,T,45.6
OspA_protein_90,187,T,21.7
OspA_protein_90,194,K,97.6
OspA_protein_90,195,S,101.8
OspA_protein_90,197,E,62.8
OspA_protein_90,205,T,81.0
OspA_protein_90,206,A,17.3
OspA_protein_90,207,S,123.4
OspA_protein_90,208,A,78.0
OspA_protein_90,209,D,47.5
OspA_protein_90,210,K,52.9
OspA_protein_90,217,S,56.1
OspA_protein_90,218,D,108.9
OspA_protein_90,219,T,59.0
OspA_protein_90,227,N,65.6
OspA_protein_90,228,S,118.5
OspA_protein_90,229,Q,48.1
OspA_protein_90,238,K,100.0
OspA_protein_90,239,E,73.1
OspA_protein_90,248,N,16.4
OspA_protein_90,249,T,106.4
OspA_protein_90,250,A,55.2
OspA_protein_90,252,T,74.8
OspA_protein_90,255,E,58.3
OspA_protein_90,256,G,103.5
OspA_protein_90,257,S,88.5
OspA_protein_90,260,E,29.3
OspA_protein_90,262,K,50.6
OspA_protein_90,265,T,72.3
OspA_protein_90,269,T,57.6
OspA_protein_91,35,P,7.8
OspA_protein_91,36,G,25.6
OspA_protein_91,37,E,106.9
OspA_protein_91,46,K,58.7
OspA_protein_91,48,K,95.0
OspA_protein_91,49,D,67.8
OspA_protein_91,60,K,117.2
OspA_protein_91,70,S,53.6
OspA_protein_91,81,T,126.4
OspA_protein_91,83,K,63.4
OspA_protein_91,92,D,62.7
OspA_protein_91,104,E,58.4
OspA_protein_91,105,D,59.7
OspA_protein_91,107,T,69.4
OspA_protein_91,108,T,17.7
OspA_protein_91,117,K,83.5
OspA_protein_91,128,A,86.3
OspA_protein_91,129,K,94.2
OspA_protein_91,144,R,43.9
OspA_protein_91,151,K,75.4
OspA_protein_91,152,N,108.6
OspA_protein_91,162,K,62.6
OspA_protein_91,172,A,71.4
OspA_protein_91,173,D,71.3
OspA_protein_91,183,G,80.2
OspA_protein_91,184,T,42.4
OspA_protein_91,204,T,87.6
OspA_protein_91,205,T,24.4
OspA_protein_91,206,S,95.4
OspA_protein_91,207,G,84.9
OspA_protein_91,208,S,57.6
OspA_protein_91,210,K,44.7
OspA_protein_91,218,T,114.1
OspA_protein_91,227,D,60.0
OspA_protein_91,228,S,117.5
OspA_protein_91,229,K,44.1
OspA_protein_91,230,K,45.2
OspA_protein_91,235,V,15.2
OspA_protein_91,238,T,90.2
OspA_protein_91,239,D,46.9
OspA_protein_91,241,T,1.3
OspA_protein_91,243,T,9.4
OspA_protein_91,249,T,109.0
OspA_protein_91,250,A,58.6
OspA_protein_91,251,G,7.0
OspA_protein_91,252,T,76.4
OspA_protein_91,253,T,69.5
OspA_protein_91,254,L,46.7
OspA_protein_91,257,T,91.1
OspA_protein_91,260,E,31.0
OspA_protein_91,262,K,56.6
OspA_protein_91,265,T,76.6
OspA_protein_91,269,T,58.0
OspA_protein_92,27,K,99.5
OspA_protein_92,35,P,6.9
OspA_protein_92,36,G,49.8
OspA_protein_92,45,E,89.4
OspA_protein_92,46,K,59.6
OspA_protein_92,48,K,98.5
OspA_protein_92,49,D,68.5
OspA_protein_92,60,K,117.9
OspA_protein_92,70,S,52.5
OspA_protein_92,79,E,56.8
OspA_protein_92,81,T,127.2
OspA_protein_92,83,K,58.4
OspA_protein_92,92,Q,58.6
OspA_protein_92,104,E,58.1
OspA_protein_92,107,K,75.5
OspA_protein_92,112,R,29.4
OspA_protein_92,117,K,75.1
OspA_protein_92,118,D,66.0
OspA_protein_92,119,K,89.4
OspA_protein_92,128,D,92.1
OspA_protein_92,129,K,89.6
OspA_protein_92,131,K,59.7
OspA_protein_92,139,R,16.9
OspA_protein_92,141,N,52.4
OspA_protein_92,151,Q,58.5
OspA_protein_92,152,N,87.7
OspA_protein_92,153,D,69.0
OspA_protein_92,163,K,84.1
OspA_protein_92,173,A,59.4
OspA_protein_92,174,D,72.8
OspA_protein_92,184,D,94.6
OspA_protein_92,185,T,39.4
OspA_protein_92,205,T,71.1
OspA_protein_92,207,S,122.6
OspA_protein_92,208,A,75.0
OspA_protein_92,209,D,52.6
OspA_protein_92,210,K,49.9
OspA_protein_92,211,K,10.1
OspA_protein_92,212,T,49.6
OspA_protein_92,214,E,67.9
OspA_protein_92,216,E,54.7
OspA_protein_92,217,E,65.4
OspA_protein_92,227,N,68.4
OspA_protein_92,228,S,119.5
OspA_protein_92,229,Q,47.8
OspA_protein_92,238,K,100.6
OspA_protein_92,239,E,70.2
OspA_protein_92,240,N,6.9
OspA_protein_92,249,T,106.7
OspA_protein_92,250,A,55.9
OspA_protein_92,252,T,77.2
OspA_protein_92,255,E,57.9
OspA_protein_92,257,S,90.0
OspA_protein_92,260,E,35.7
OspA_protein_92,262,K,72.3
OspA_protein_92,265,T,78.4
OspA_protein_93,27,K,100.6
OspA_protein_93,35,P,6.4
OspA_protein_93,36,G,47.3
OspA_protein_93,45,E,89.8
OspA_protein_93,46,K,58.8
OspA_protein_93,48,K,101.5
OspA_protein_93,49,D,69.9
OspA_protein_93,60,K,118.3
OspA_protein_93,64,K,28.0
OspA_protein_93,70,S,52.1
OspA_protein_93,79,E,56.1
OspA_protein_93,92,Q,59.1
OspA_protein_93,93,D,67.2
OspA_protein_93,104,E,60.2
OspA_protein_93,107,K,69.3
OspA_protein_93,112,R,31.0
OspA_protein_93,117,K,74.2
OspA_protein_93,118,D,57.2
OspA_protein_93,119,K,89.8
OspA_protein_93,128,D,91.2
OspA_protein_93,129,K,87.9
OspA_protein_93,131,K,60.1
OspA_protein_93,139,R,15.8
OspA_protein_93,140,K,71.5
OspA_protein_93,151,Q,64.3
OspA_protein_93,152,N,87.7
OspA_protein_93,153,D,67.4
OspA_protein_93,163,K,80.2
OspA_protein_93,173,A,63.1
OspA_protein_93,174,D,76.6
OspA_protein_93,184,K,95.0
OspA_protein_93,185,T,40.1
OspA_protein_93,194,K,98.6
OspA_protein_93,197,E,64.6
OspA_protein_93,203,K,72.9
OspA_protein_93,205,T,68.8
OspA_protein_93,206,D,20.4
OspA_protein_93,207,S,115.5
OspA_protein_93,208,S,51.9
OspA_protein_93,209,A,75.0
OspA_protein_93,210,D,52.9
OspA_protein_93,215,T,58.6
OspA_protein_93,218,S,57.6
OspA_protein_93,219,D,108.3
OspA_protein_93,228,N,68.8
OspA_protein_93,229,S,105.4
OspA_protein_93,230,L,40.6
OspA_protein_93,239,K,94.1
OspA_protein_93,240,E,72.0
OspA_protein_93,249,N,28.3
OspA_protein_93,250,R,113.4
OspA_protein_93,251,A,55.4
OspA_protein_93,253,N,89.5
OspA_protein_93,255,L,44.2
OspA_protein_93,256,E,51.2
OspA_protein_93,257,G,102.6
OspA_protein_93,258,S,90.4
OspA_protein_93,259,P,58.8
OspA_protein_93,261,E,29.3
OspA_protein_93,263,K,50.2
OspA_protein_93,266,A,62.5
OspA_protein_94,27,K,99.0
OspA_protein_94,35,P,7.1
OspA_protein_94,36,G,49.9
OspA_protein_94,45,E,89.9
OspA_protein_94,46,K,59.9
OspA_protein_94,48,K,102.8
OspA_protein_94,49,D,69.4
OspA_protein_94,60,K,118.3
OspA_protein_94,70,S,52.1
OspA_protein_94,79,E,56.4
OspA_protein_94,92,Q,58.3
OspA_protein_94,93,D,67.1
OspA_protein_94,104,E,58.8
OspA_protein_94,105,D,58.8
OspA_protein_94,107,K,76.2
OspA_protein_94,112,R,30.6
OspA_protein_94,117,K,75.9
OspA_protein_94,118,D,65.5
OspA_protein_94,119,K,89.3
OspA_protein_94,128,D,92.2
OspA_protein_94,129,K,87.8
OspA_protein_94,131,K,60.5
OspA_protein_94,139,R,17.1
OspA_protein_94,141,N,52.6
OspA_protein_94,151,Q,60.0
OspA_protein_94,152,N,86.4
OspA_protein_94,153,D,68.4
OspA_protein_94,163,K,81.2
OspA_protein_94,173,A,61.2
OspA_protein_94,174,G,71.0
OspA_protein_94,184,D,98.8
OspA_protein_94,185,T,40.7
OspA_protein_94,194,K,97.4
OspA_protein_94,197,E,63.5
OspA_protein_94,203,K,73.0
OspA_protein_94,205,T,66.5
OspA_protein_94,206,D,19.4
OspA_protein_94,207,S,116.5
OspA_protein_94,208,S,50.7
OspA_protein_94,209,A,71.3
OspA_protein_94,210,D,52.7
OspA_protein_94,211,K,46.5
OspA_protein_94,215,T,67.0
OspA_protein_94,218,S,55.6
OspA_protein_94,219,D,104.3
OspA_protein_94,220,N,74.6
OspA_protein_94,228,N,64.4
OspA_protein_94,229,S,118.1
OspA_protein_94,230,R,52.9
OspA_protein_94,239,K,100.2
OspA_protein_94,240,E,71.8
OspA_protein_94,249,N,28.9
OspA_protein_94,250,T,98.8
OspA_protein_94,251,A,55.0
OspA_protein_94,253,N,90.0
OspA_protein_94,255,L,45.0
OspA_protein_94,256,E,46.1
OspA_protein_94,257,G,102.9
OspA_protein_94,258,S,89.7
OspA_protein_94,259,P,58.1
OspA_protein_94,261,E,27.9
OspA_protein_94,263,K,50.5
OspA_protein_94,266,A,63.9
OspA_protein_95,27,K,100.5
OspA_protein_95,35,P,6.6
OspA_protein_95,36,G,25.1
OspA_protein_95,37,E,112.5
OspA_protein_95,46,K,57.5
OspA_protein_95,48,K,103.2
OspA_protein_95,49,D,70.2
OspA_protein_95,60,K,117.6
OspA_protein_95,70,S,51.7
OspA_protein_95,79,E,56.9
OspA_protein_95,92,Q,59.1
OspA_protein_95,104,E,59.7
OspA_protein_95,105,D,55.5
OspA_protein_95,107,K,74.3
OspA_protein_95,108,T,18.6
OspA_protein_95,112,R,29.1
OspA_protein_95,117,K,75.2
OspA_protein_95,118,D,58.4
OspA_protein_95,119,K,83.4
OspA_protein_95,128,D,101.7
OspA_protein_95,129,K,88.9
OspA_protein_95,131,K,58.8
OspA_protein_95,139,R,15.3
OspA_protein_95,140,K,72.0
OspA_protein_95,152,N,88.2
OspA_protein_95,153,D,69.6
OspA_protein_95,163,E,75.8
OspA_protein_95,173,A,57.4
OspA_protein_95,174,D,74.8
OspA_protein_95,184,G,105.9
OspA_protein_95,185,T,43.0
OspA_protein_95,194,K,96.0
OspA_protein_95,201,D,24.4
OspA_protein_95,203,K,70.1
OspA_protein_95,205,T,81.4
OspA_protein_95,206,D,16.2
OspA_protein_95,207,S,111.8
OspA_protein_95,208,S,49.8
OspA_protein_95,209,S,92.2
OspA_protein_95,210,G,35.2
OspA_protein_95,216,T,58.7
OspA_protein_95,219,S,59.3
OspA_protein_95,220,D,107.5
OspA_protein_95,229,N,65.3
OspA_protein_95,230,S,111.2
OspA_protein_95,231,Q,40.9
OspA_protein_95,232,K,43.7
OspA_protein_95,240,K,92.9
OspA_protein_95,241,E,71.2
OspA_protein_95,250,N,28.7
OspA_protein_95,251,T,106.1
OspA_protein_95,252,A,56.1
OspA_protein_95,253,G,7.2
OspA_protein_95,254,N,90.0
OspA_protein_95,256,L,44.4
OspA_protein_95,257,E,49.2
OspA_protein_95,259,S,87.7
OspA_protein_95,260,P,57.9
OspA_protein_95,264,K,61.7
OspA_protein_95,267,A,68.5
OspA_protein_96,26,E,98.1
OspA_protein_96,27,K,99.7
OspA_protein_96,35,P,4.9
OspA_protein_96,36,G,53.1
OspA_protein_96,45,E,89.2
OspA_protein_96,46,K,59.0
OspA_protein_96,48,K,103.5
OspA_protein_96,49,D,69.2
OspA_protein_96,60,K,116.7
OspA_protein_96,62,E,47.8
OspA_protein_96,64,K,26.6
OspA_protein_96,69,K,39.7
OspA_protein_96,70,N,66.7
OspA_protein_96,79,E,56.1
OspA_protein_96,81,T,127.2
OspA_protein_96,82,D,75.3
OspA_protein_96,83,K,58.5
OspA_protein_96,92,E,68.6
OspA_protein_96,104,E,59.2
OspA_protein_96,105,D,58.4
OspA_protein_96,107,K,92.7
OspA_protein_96,108,T,19.9
OspA_protein_96,117,K,76.2
OspA_protein_96,129,K,92.8
OspA_protein_96,131,E,35.2
OspA_protein_96,144,R,40.4
OspA_protein_96,151,K,66.9
OspA_protein_96,152,S,76.6
OspA_protein_96,153,D,58.5
OspA_protein_96,154,K,75.0
OspA_protein_96,155,T,24.1
OspA_protein_96,161,V,14.0
OspA_protein_96,163,K,82.6
OspA_protein_96,164,D,51.8
OspA_protein_96,173,A,53.6
OspA_protein_96,174,D,80.2
OspA_protein_96,184,G,96.3
OspA_protein_96,185,T,46.8
OspA_protein_96,203,N,60.3
OspA_protein_96,205,S,74.9
OspA_protein_96,206,D,17.2
OspA_protein_96,207,T,108.2
OspA_protein_96,208,T,58.2
OspA_protein_96,209,Q,75.7
OspA_protein_96,210,A,61.1
OspA_protein_96,212,K,33.0
OspA_protein_96,219,S,58.0
OspA_protein_96,220,K,108.6
OspA_protein_96,229,N,50.1
OspA_protein_96,230,S,98.5
OspA_protein_96,231,R,56.3
OspA_protein_96,232,K,47.8
OspA_protein_96,240,K,102.4
OspA_protein_96,241,E,69.5
OspA_protein_96,243,T,7.2
OspA_protein_96,250,D,11.4
OspA_protein_96,251,S,98.6
OspA_protein_96,252,A,62.4
OspA_protein_96,254,T,72.4
OspA_protein_96,255,N,72.1
OspA_protein_96,257,E,57.0
OspA_protein_96,258,G,102.0
OspA_protein_96,259,K,102.4
OspA_protein_96,262,E,34.8
OspA_protein_96,267,K,75.6
OspA_protein_97,27,K,98.4
OspA_protein_97,35,P,6.8
OspA_protein_97,36,G,17.7
OspA_protein_97,37,E,119.7
OspA_protein_97,46,K,60.8
OspA_protein_97,48,K,102.1
OspA_protein_97,49,D,69.1
OspA_protein_97,60,K,116.9
OspA_protein_97,70,D,65.2
OspA_protein_97,71,N,32.7
OspA_protein_97,81,D,130.0
OspA_protein_97,82,D,63.9
OspA_protein_97,83,K,63.5
OspA_protein_97,92,D,62.6
OspA_protein_97,104,E,59.8
OspA_protein_97,105,D,58.2
OspA_protein_97,107,K,96.5
OspA_protein_97,117,K,81.4
OspA_protein_97,118,D,52.7
OspA_protein_97,119,K,84.5
OspA_protein_97,128,E,98.5
OspA_protein_97,129,K,94.4
OspA_protein_97,131,E,34.7
OspA_protein_97,135,K,23.5
OspA_protein_97,139,R,19.7
OspA_protein_97,140,E,74.2
OspA_protein_97,141,N,46.9
OspA_protein_97,151,K,68.4
OspA_protein_97,152,S,92.9
OspA_protein_97,153,D,73.2
OspA_protein_97,155,T,22.4
OspA_protein_97,157,K,55.3
OspA_protein_97,163,K,86.6
OspA_protein_97,170,K,60.1
OspA_protein_97,172,A,16.0
OspA_protein_97,173,N,105.7
OspA_protein_97,175,K,36.6
OspA_protein_97,181,K,64.8
OspA_protein_97,183,G,107.2
OspA_protein_97,184,T,45.2
OspA_protein_97,196,E,60.1
OspA_protein_97,202,N,61.0
OspA_protein_97,204,T,68.5
OspA_protein_97,205,N,21.3
OspA_protein_97,206,T,107.2
OspA_protein_97,207,T,59.2
OspA_protein_97,208,Q,79.2
OspA_protein_97,209,A,59.6
OspA_protein_97,211,K,34.7
OspA_protein_97,217,D,38.8
OspA_protein_97,218,S,55.5
OspA_protein_97,219,K,108.4
OspA_protein_97,228,N,56.9
OspA_protein_97,229,S,99.7
OspA_protein_97,230,K,49.2
OspA_protein_97,239,K,101.2
OspA_protein_97,240,Q,73.4
OspA_protein_97,242,T,8.2
OspA_protein_97,250,S,99.8
OspA_protein_97,251,A,60.5
OspA_protein_97,253,T,70.3
OspA_protein_97,254,N,73.2
OspA_protein_97,256,E,58.0
OspA_protein_97,257,G,102.2
OspA_protein_97,258,T,91.3
OspA_protein_97,261,E,28.4
OspA_protein_97,266,D,68.7
OspA_protein_97,270,N,53.3
OspA_protein_98,27,K,99.0
OspA_protein_98,35,P,5.2
OspA_protein_98,36,G,51.2
OspA_protein_98,45,E,89.0
OspA_protein_98,46,K,60.6
OspA_protein_98,48,K,97.6
OspA_protein_98,49,D,68.9
OspA_protein_98,60,K,117.3
OspA_protein_98,64,K,27.4
OspA_protein_98,70,N,65.9
OspA_protein_98,79,E,54.0
OspA_protein_98,81,T,126.8
OspA_protein_98,83,K,58.5
OspA_protein_98,92,D,62.2
OspA_protein_98,104,E,58.6
OspA_protein_98,105,D,56.5
OspA_protein_98,107,K,80.0
OspA_protein_98,108,T,20.0
OspA_protein_98,117,K,77.8
OspA_protein_98,128,E,98.1
OspA_protein_98,129,K,91.6
OspA_protein_98,144,R,41.2
OspA_protein_98,151,K,68.8
OspA_protein_98,152,S,86.1
OspA_protein_98,161,V,14.7
OspA_protein_98,163,K,83.1
OspA_protein_98,164,D,47.2
OspA_protein_98,173,A,62.2
OspA_protein_98,184,G,96.0
OspA_protein_98,185,T,43.7
OspA_protein_98,197,E,54.7
OspA_protein_98,203,D,70.7
OspA_protein_98,205,S,84.6
OspA_protein_98,206,D,26.2
OspA_protein_98,207,T,83.6
OspA_protein_98,208,I,114.7
OspA_protein_98,209,G,41.6
OspA_protein_98,211,K,41.5
OspA_protein_98,219,K,107.9
OspA_protein_98,228,N,72.7
OspA_protein_98,229,S,114.1
OspA_protein_98,230,Q,48.5
OspA_protein_98,231,K,42.2
OspA_protein_98,240,E,70.8
OspA_protein_98,242,T,7.5
OspA_protein_98,249,D,11.8
OspA_protein_98,250,S,107.1
OspA_protein_98,251,A,64.1
OspA_protein_98,252,G,6.3
OspA_protein_98,253,T,70.9
OspA_protein_98,254,N,71.7
OspA_protein_98,256,E,57.3
OspA_protein_98,257,G,100.2
OspA_protein_98,258,K,101.9
OspA_protein_98,261,E,35.8
OspA_protein_98,266,K,75.8
OspA_protein_99,27,K,100.1
OspA_protein_99,35,P,7.8
OspA_protein_99,36,G,23.8
OspA_protein_99,37,E,108.4
OspA_protein_99,45,E,90.5
OspA_protein_99,46,K,58.1
OspA_protein_99,48,K,105.2
OspA_protein_99,49,D,60.3
OspA_protein_99,60,K,117.5
OspA_protein_99,71,N,36.0
OspA_protein_99,92,D,64.0
OspA_protein_99,107,K,97.7
OspA_protein_99,117,K,81.3
OspA_protein_99,128,E,99.8
OspA_protein_99,129,K,94.0
OspA_protein_99,151,K,67.6
OspA_protein_99,152,S,94.5
OspA_protein_99,163,K,80.9
OspA_protein_99,174,E,81.1
OspA_protein_99,175,K,37.8
OspA_protein_99,181,K,69.8
OspA_protein_99,183,G,104.8
OspA_protein_99,184,T,47.4
OspA_protein_99,202,N,61.0
OspA_protein_99,204,T,75.2
OspA_protein_99,205,D,16.0
OspA_protein_99,206,S,106.4
OspA_protein_99,207,T,60.9
OspA_protein_99,208,A,80.3
OspA_protein_99,209,G,46.5
OspA_protein_99,211,K,34.5
OspA_protein_99,217,N,55.5
OspA_protein_99,218,S,61.2
OspA_protein_99,219,G,101.0
OspA_protein_99,230,K,45.8
OspA_protein_99,239,K,103.5
OspA_protein_99,240,E,73.2
OspA_protein_99,250,S,90.3
OspA_protein_99,251,N,74.3
OspA_protein_99,253,T,72.5
OspA_protein_99,254,K,84.7
OspA_protein_99,256,E,56.6
OspA_protein_99,258,S,87.8
OspA_protein_99,261,E,32.0
OspA_protein_99,264,T,44.4
OspA_protein_99,266,D,75.3
OspA_protein_100,26,E,87.5
OspA_protein_100,27,K,99.7
OspA_protein_100,35,P,6.9
OspA_protein_100,36,G,43.7
OspA_protein_100,37,G,120.1
OspA_protein_100,45,E,89.4
OspA_protein_100,46,K,59.8
OspA_protein_100,48,K,127.0
OspA_protein_100,49,E,82.2
OspA_protein_100,60,K,117.5
OspA_protein_100,70,N,65.4
OspA_protein_100,92,D,61.3
OspA_protein_100,104,E,44.1
OspA_protein_100,105,D,50.3
OspA_protein_100,107,K,98.5
OspA_protein_100,117,K,81.8
OspA_protein_100,125,K,56.6
OspA_protein_100,128,E,98.9
OspA_protein_100,129,K,97.6
OspA_protein_100,141,N,21.2
OspA_protein_100,146,E,35.9
OspA_protein_100,148,S,21.8
OspA_protein_100,150,M,6.5
OspA_protein_100,151,T,75.5
OspA_protein_100,152,N,49.8
OspA_protein_100,153,E,65.7
OspA_protein_100,154,D,35.0
OspA_protein_100,155,N,26.8
OspA_protein_100,156,A,0.7
OspA_protein_100,164,K,39.7
OspA_protein_100,166,G,58.2
OspA_protein_100,170,E,57.3
OspA_protein_100,175,S,62.6
OspA_protein_100,181,E,30.1
OspA_protein_100,183,K,65.5
OspA_protein_100,185,S,94.2
OspA_protein_100,186,T,38.3
OspA_protein_100,192,E,28.7
OspA_protein_100,195,K,68.9
OspA_protein_100,196,N,114.1
OspA_protein_100,204,N,61.4
OspA_protein_100,206,T,82.6
OspA_protein_100,207,G,39.3
OspA_protein_100,208,S,96.5
OspA_protein_100,209,K,78.4
OspA_protein_100,216,E,50.2
OspA_protein_100,217,S,96.5
OspA_protein_100,218,T,61.4
OspA_protein_100,226,S,96.5
OspA_protein_100,227,S,121.1
OspA_protein_100,228,K,50.2
OspA_protein_100,229,K,44.6
OspA_protein_100,237,T,103.7
OspA_protein_100,238,N,51.1
OspA_protein_100,240,T,3.9
OspA_protein_100,246,Y,7.9
OspA_protein_100,247,D,21.4
OspA_protein_100,248,S,102.2
OspA_protein_100,249,A,60.4
OspA_protein_100,250,G,8.4
OspA_protein_100,251,T,71.4
OspA_protein_100,252,N,73.3
OspA_protein_100,253,L,45.2
OspA_protein_100,254,E,52.8
OspA_protein_100,255,G,106.0
OspA_protein_100,256,S,87.8
OspA_protein_100,258,T,65.3
OspA_protein_100,259,E,35.1
OspA_protein_100,261,K,72.0
OspA_protein_100,268,N,55.9
OspA_protein_101,27,K,99.1
OspA_protein_101,35,P,5.2
OspA_protein_101,36,G,23.6
OspA_protein_101,37,E,110.3
OspA_protein_101,46,K,59.6
OspA_protein_101,48,K,104.2
OspA_protein_101,49,D,69.8
OspA_protein_101,60,K,115.8
OspA_protein_101,64,K,27.4
OspA_protein_101,70,N,64.5
OspA_protein_101,92,E,72.3
OspA_protein_101,104,E,59.2
OspA_protein_101,105,D,53.6
OspA_protein_101,107,K,81.8
OspA_protein_101,117,K,78.7
OspA_protein_101,119,K,78.9
OspA_protein_101,128,D,94.4
OspA_protein_101,129,K,92.9
OspA_protein_101,131,E,35.6
OspA_protein_101,139,R,20.9
OspA_protein_101,141,N,50.8
OspA_protein_101,151,K,68.0
OspA_protein_101,152,S,91.3
OspA_protein_101,153,D,73.6
OspA_protein_101,163,K,80.9
OspA_protein_101,164,D,53.1
OspA_protein_101,168,E,66.8
OspA_protein_101,174,E,84.7
OspA_protein_101,175,K,34.1
OspA_protein_101,183,G,102.4
OspA_protein_101,184,T,45.6
OspA_protein_101,200,E,42.6
OspA_protein_101,202,N,57.2
OspA_protein_101,204,T,84.3
OspA_protein_101,205,D,17.5
OspA_protein_101,206,S,109.8
OspA_protein_101,207,A,49.4
OspA_protein_101,208,Q,79.3
OspA_protein_101,209,A,65.8
OspA_protein_101,211,K,34.3
OspA_protein_101,215,K,81.5
OspA_protein_101,218,A,63.4
OspA_protein_101,219,G,105.8
OspA_protein_101,228,N,55.8
OspA_protein_101,229,S,96.8
OspA_protein_101,230,K,49.9
OspA_protein_101,231,K,42.9
OspA_protein_101,240,Q,73.0
OspA_protein_101,242,T,7.5
OspA_protein_101,250,S,102.6
OspA_protein_101,251,A,60.7
OspA_protein_101,253,T,70.1
OspA_protein_101,256,E,49.6
OspA_protein_101,257,G,99.4
OspA_protein_101,258,T,90.9
OspA_protein_101,261,E,30.7
OspA_protein_101,270,N,56.9
OspA_protein_102,27,K,98.7
OspA_protein_102,35,P,7.3
OspA_protein_102,36,G,25.0
OspA_protein_102,37,E,108.4
OspA_protein_102,45,E,90.0
OspA_protein_102,46,K,60.4
OspA_protein_102,48,K,97.7
OspA_protein_102,49,D,70.1
OspA_protein_102,60,N,124.8
OspA_protein_102,64,K,26.4
OspA_protein_102,70,N,65.9
OspA_protein_102,71,N,33.3
OspA_protein_102,92,E,71.6
OspA_protein_102,104,E,57.7
OspA_protein_102,105,D,52.8
OspA_protein_102,107,K,73.2
OspA_protein_102,108,T,16.4
OspA_protein_102,117,K,85.2
OspA_protein_102,128,D,96.7
OspA_protein_102,129,K,90.4
OspA_protein_102,139,R,20.1
OspA_protein_102,141,N,50.3
OspA_protein_102,151,K,68.4
OspA_protein_102,152,N,83.7
OspA_protein_102,153,D,74.4
OspA_protein_102,157,K,58.1
OspA_protein_102,161,T,24.9
OspA_protein_102,163,K,80.3
OspA_protein_102,164,E,50.5
OspA_protein_102,168,E,69.8
OspA_protein_102,174,E,85.7
OspA_protein_102,175,K,33.6
OspA_protein_102,181,K,75.5
OspA_protein_102,183,G,102.3
OspA_protein_102,184,T,47.0
OspA_protein_102,200,E,43.8
OspA_protein_102,202,N,57.3
OspA_protein_102,204,T,83.7
OspA_protein_102,205,D,18.4
OspA_protein_102,206,S,111.4
OspA_protein_102,207,A,49.3
OspA_protein_102,208,Q,81.0
OspA_protein_102,209,A,64.4
OspA_protein_102,215,K,71.0
OspA_protein_102,218,A,63.4
OspA_protein_102,219,G,105.9
OspA_protein_102,229,S,92.7
OspA_protein_102,230,K,48.7
OspA_protein_102,231,K,37.6
OspA_protein_102,239,K,103.6
OspA_protein_102,240,Q,73.6
OspA_protein_102,242,T,7.6
OspA_protein_102,248,Y,7.4
OspA_protein_102,249,D,20.7
OspA_protein_102,250,S,102.0
OspA_protein_102,251,A,61.0
OspA_protein_102,252,G,8.4
OspA_protein_102,253,T,70.7
OspA_protein_102,254,N,72.6
OspA_protein_102,255,L,45.7
OspA_protein_102,256,E,50.2
OspA_protein_102,257,G,100.0
OspA_protein_102,258,T,89.2
OspA_protein_102,261,E,32.4
OspA_protein_102,266,D,65.3
OspA_protein_102,270,N,55.6
OspA_protein_103,27,K,99.0
OspA_protein_103,35,P,8.5
OspA_protein_103,36,G,28.8
OspA_protein_103,37,E,113.1
OspA_protein_103,46,K,60.6
OspA_protein_103,48,K,102.6
OspA_protein_103,49,D,70.7
OspA_protein_103,60,K,117.6
OspA_protein_103,70,N,65.5
OspA_protein_103,92,D,63.3
OspA_protein_103,93,D,81.2
OspA_protein_103,94,L,22.5
OspA_protein_103,107,K,83.9
OspA_protein_103,112,R,30.1
OspA_protein_103,117,K,82.1
OspA_protein_103,128,E,99.0
OspA_protein_103,129,K,94.6
OspA_protein_103,139,R,18.7
OspA_protein_103,141,N,51.3
OspA_protein_103,152,S,96.5
OspA_protein_103,163,K,82.9
OspA_protein_103,174,E,85.2
OspA_protein_103,175,K,34.2
OspA_protein_103,183,G,102.4
OspA_protein_103,184,T,43.4
OspA_protein_103,204,T,84.5
OspA_protein_103,205,E,26.7
OspA_protein_103,206,S,107.3
OspA_protein_103,207,S,43.9
OspA_protein_103,208,S,80.1
OspA_protein_103,209,A,56.3
OspA_protein_103,217,N,54.1
OspA_protein_103,218,S,66.9
OspA_protein_103,219,G,101.1
OspA_protein_103,230,K,45.0
OspA_protein_103,231,K,45.3
OspA_protein_103,240,E,71.6
OspA_protein_103,248,Y,7.8
OspA_protein_103,249,D,22.6
OspA_protein_103,250,T,102.1
OspA_protein_103,251,A,63.5
OspA_protein_103,252,G,8.4
OspA_protein_103,253,T,71.6
OspA_protein_103,254,N,71.9
OspA_protein_103,256,E,48.7
OspA_protein_103,257,G,105.2
OspA_protein_103,258,S,86.2
OspA_protein_103,263,K,57.3
OspA_protein_103,264,K,70.9
OspA_protein_103,270,N,56.6
OspA_protein_104,27,K,100.9
OspA_protein_104,35,P,7.1
OspA_protein_104,45,E,89.3
OspA_protein_104,46,K,59.7
OspA_protein_104,48,K,107.8
OspA_protein_104,49,D,69.3
OspA_protein_104,60,K,117.5
OspA_protein_104,69,K,44.7
OspA_protein_104,70,N,66.3
OspA_protein_104,81,T,125.1
OspA_protein_104,83,K,66.1
OspA_protein_104,92,D,62.2
OspA_protein_104,104,E,57.3
OspA_protein_104,105,D,51.1
OspA_protein_104,107,K,93.6
OspA_protein_104,111,S,18.5
OspA_protein_104,117,K,83.3
OspA_protein_104,118,D,57.5
OspA_protein_104,119,M,81.4
OspA_protein_104,126,F,12.3
OspA_protein_104,128,D,94.3
OspA_protein_104,129,K,93.4
OspA_protein_104,131,E,35.2
OspA_protein_104,139,R,15.8
OspA_protein_104,141,N,40.9
OspA_protein_104,151,K,67.0
OspA_protein_104,152,S,93.4
OspA_protein_104,153,D,65.5
OspA_protein_104,155,T,30.4
OspA_protein_104,157,K,53.8
OspA_protein_104,164,N,47.7
OspA_protein_104,168,E,53.4
OspA_protein_104,172,A,28.5
OspA_protein_104,173,N,68.8
OspA_protein_104,174,D,67.4
OspA_protein_104,175,K,32.2
OspA_protein_104,181,V,56.5
OspA_protein_104,183,A,90.6
OspA_protein_104,184,T,43.7
OspA_protein_104,186,T,20.5
OspA_protein_104,193,K,85.0
OspA_protein_104,194,S,89.8
OspA_protein_104,202,N,56.5
OspA_protein_104,204,T,66.8
OspA_protein_104,205,S,9.8
OspA_protein_104,206,T,110.6
OspA_protein_104,207,T,57.7
OspA_protein_104,208,A,73.6
OspA_protein_104,209,A,64.0
OspA_protein_104,211,K,36.4
OspA_protein_104,215,E,75.0
OspA_protein_104,219,N,111.2
OspA_protein_104,228,N,60.4
OspA_protein_104,229,N,116.5
OspA_protein_104,230,K,44.8
OspA_protein_104,239,K,98.5
OspA_protein_104,240,Q,72.2
OspA_protein_104,248,Y,7.7
OspA_protein_104,249,N,24.8
OspA_protein_104,250,T,97.6
OspA_protein_104,251,N,73.8
OspA_protein_104,253,D,81.7
OspA_protein_104,254,A,51.1
OspA_protein_104,256,E,52.0
OspA_protein_104,257,G,100.0
OspA_protein_104,259,A,45.3
OspA_protein_104,261,E,36.6
OspA_protein_104,266,D,70.6
OspA_protein_104,270,N,56.1
OspA_protein_105,27,K,99.4
OspA_protein_105,35,P,8.3
OspA_protein_105,36,G,19.8
OspA_protein_105,37,E,115.0
OspA_protein_105,46,K,61.0
OspA_protein_105,48,K,105.4
OspA_protein_105,49,D,69.8
OspA_protein_105,60,K,113.5
OspA_protein_105,70,N,66.1
OspA_protein_105,92,D,62.6
OspA_protein_105,107,K,81.2
OspA_protein_105,112,R,31.1
OspA_protein_105,117,K,79.9
OspA_protein_105,128,E,99.1
OspA_protein_105,129,K,94.1
OspA_protein_105,139,R,19.8
OspA_protein_105,141,N,51.2
OspA_protein_105,151,K,68.6
OspA_protein_105,152,S,96.3
OspA_protein_105,163,K,82.2
OspA_protein_105,175,K,37.9
OspA_protein_105,183,G,103.5
OspA_protein_105,184,T,46.0
OspA_protein_105,202,N,61.3
OspA_protein_105,204,T,74.1
OspA_protein_105,205,D,16.6
OspA_protein_105,206,S,99.5
OspA_protein_105,207,T,51.9
OspA_protein_105,208,P,83.6
OspA_protein_105,209,A,54.4
OspA_protein_105,211,K,32.9
OspA_protein_105,217,N,55.1
OspA_protein_105,218,S,66.6
OspA_protein_105,219,G,100.4
OspA_protein_105,230,K,49.5
OspA_protein_105,231,K,45.8
OspA_protein_105,239,K,102.6
OspA_protein_105,240,E,71.0
OspA_protein_105,249,D,24.1
OspA_protein_105,250,G,95.5
OspA_protein_105,251,A,58.2
OspA_protein_105,252,G,6.4
OspA_protein_105,253,T,72.2
OspA_protein_105,254,K,86.6
OspA_protein_105,255,L,46.8
OspA_protein_105,256,E,48.7
OspA_protein_105,258,S,85.7
OspA_protein_105,261,E,30.5
OspA_protein_105,266,N,73.4
OspA_protein_105,270,N,56.9
OspA_protein_106,27,K,97.7
OspA_protein_106,35,P,9.1
OspA_protein_106,36,G,26.6
OspA_protein_106,37,D,118.5
OspA_protein_106,39,K,71.5
OspA_protein_106,45,E,89.6
OspA_protein_106,46,K,59.4
OspA_protein_106,48,K,104.3
OspA_protein_106,49,D,68.9
OspA_protein_106,70,N,68.8
OspA_protein_106,91,S,21.7
OspA_protein_106,92,D,61.8
OspA_protein_106,93,D,72.2
OspA_protein_106,95,E,43.2
OspA_protein_106,104,E,59.6
OspA_protein_106,105,D,59.0
OspA_protein_106,107,K,99.5
OspA_protein_106,116,S,20.1
OspA_protein_106,117,K,70.4
OspA_protein_106,128,E,89.6
OspA_protein_106,129,Q,80.8
OspA_protein_106,141,N,46.0
OspA_protein_106,151,K,66.8
OspA_protein_106,152,S,89.5
OspA_protein_106,161,I,19.7
OspA_protein_106,163,K,57.6
OspA_protein_106,164,D,84.7
OspA_protein_106,166,I,35.7
OspA_protein_106,173,N,105.3
OspA_protein_106,175,K,37.0
OspA_protein_106,181,V,56.2
OspA_protein_106,183,G,95.5
OspA_protein_106,184,T,49.1
OspA_protein_106,186,T,21.3
OspA_protein_106,193,K,68.8
OspA_protein_106,194,D,92.5
OspA_protein_106,196,E,48.5
OspA_protein_106,202,N,56.9
OspA_protein_106,204,T,66.3
OspA_protein_106,205,S,9.6
OspA_protein_106,206,T,112.3
OspA_protein_106,207,T,64.2
OspA_protein_106,208,S,83.0
OspA_protein_106,209,G,44.3
OspA_protein_106,211,K,34.7
OspA_protein_106,215,T,70.8
OspA_protein_106,218,S,47.1
OspA_protein_106,219,N,105.1
OspA_protein_106,228,N,60.8
OspA_protein_106,229,N,112.8
OspA_protein_106,230,L,41.6
OspA_protein_106,231,K,45.0
OspA_protein_106,236,V,23.9
OspA_protein_106,239,K,50.5
OspA_protein_106,240,E,48.4
OspA_protein_106,242,T,16.3
OspA_protein_106,248,Y,8.2
OspA_protein_106,249,N,29.2
OspA_protein_106,250,T,108.5
OspA_protein_106,251,A,56.5
OspA_protein_106,252,G,7.8
OspA_protein_106,253,D,87.1
OspA_protein_106,255,L,47.9
OspA_protein_106,256,E,48.7
OspA_protein_106,257,G,97.5
OspA_protein_106,258,T,94.2
OspA_protein_106,259,P,54.4
OspA_protein_106,261,E,28.0
OspA_protein_106,263,K,52.5
OspA_protein_106,266,D,73.8
OspA_protein_107,35,P,6.5
OspA_protein_107,36,G,26.2
OspA_protein_107,37,E,112.5
OspA_protein_107,46,K,59.9
OspA_protein_107,48,K,102.7
OspA_protein_107,49,D,69.1
OspA_protein_107,60,K,113.8
OspA_protein_107,70,N,61.4
OspA_protein_107,82,D,61.6
OspA_protein_107,83,K,65.8
OspA_protein_107,92,D,62.8
OspA_protein_107,104,E,59.0
OspA_protein_107,105,D,53.5
OspA_protein_107,107,K,82.5
OspA_protein_107,117,K,80.9
OspA_protein_107,118,D,49.1
OspA_protein_107,119,K,80.5
OspA_protein_107,128,E,98.0
OspA_protein_107,129,K,93.8
OspA_protein_107,139,R,19.5
OspA_protein_107,140,E,74.5
OspA_protein_107,141,N,46.6
OspA_protein_107,151,K,68.2
OspA_protein_107,152,S,95.4
OspA_protein_107,163,K,82.8
OspA_protein_107,175,K,38.4
OspA_protein_107,181,K,68.7
OspA_protein_107,183,G,104.0
OspA_protein_107,184,T,44.0
OspA_protein_107,204,T,84.5
OspA_protein_107,205,N,19.6
OspA_protein_107,206,S,112.7
OspA_protein_107,207,D,51.2
OspA_protein_107,208,A,74.3
OspA_protein_107,209,S,53.4
OspA_protein_107,211,K,39.9
OspA_protein_107,215,K,83.7
OspA_protein_107,218,S,58.0
OspA_protein_107,219,N,109.1
OspA_protein_107,228,N,61.4
OspA_protein_107,229,S,113.2
OspA_protein_107,230,K,47.4
OspA_protein_107,240,Q,73.4
OspA_protein_107,242,T,7.2
OspA_protein_107,250,S,94.5
OspA_protein_107,251,A,51.3
OspA_protein_107,253,T,76.9
OspA_protein_107,256,E,58.6
OspA_protein_107,258,T,91.3
OspA_protein_107,261,E,30.0
OspA_protein_107,270,N,55.6
OspA_protein_108,27,K,100.8
OspA_protein_108,35,P,7.1
OspA_protein_108,36,G,23.9
OspA_protein_108,37,E,104.8
OspA_protein_108,46,K,58.0
OspA_protein_108,48,K,98.0
OspA_protein_108,49,D,68.6
OspA_protein_108,60,K,125.7
OspA_protein_108,70,S,53.3
OspA_protein_108,104,E,59.5
OspA_protein_108,107,T,76.8
OspA_protein_108,108,T,14.1
OspA_protein_108,117,K,82.4
OspA_protein_108,119,K,71.4
OspA_protein_108,129,K,95.9
OspA_protein_108,131,A,84.2
OspA_protein_108,140,R,16.2
OspA_protein_108,141,K,78.0
OspA_protein_108,142,D,49.5
OspA_protein_108,152,Q,62.8
OspA_protein_108,153,N,106.8
OspA_protein_108,154,D,66.5
OspA_protein_108,156,S,20.6
OspA_protein_108,158,K,57.9
OspA_protein_108,169,E,66.5
OspA_protein_108,171,T,58.4
OspA_protein_108,174,A,61.0
OspA_protein_108,175,S,72.0
OspA_protein_108,183,K,73.6
OspA_protein_108,185,G,104.8
OspA_protein_108,186,T,39.7
OspA_protein_108,195,K,97.9
OspA_protein_108,204,N,59.8
OspA_protein_108,206,T,74.4
OspA_protein_108,207,E,23.1
OspA_protein_108,208,T,99.9
OspA_protein_108,209,T,48.1
OspA_protein_108,210,P,92.2
OspA_protein_108,211,A,42.0
OspA_protein_108,219,D,28.6
OspA_protein_108,220,S,69.4
OspA_protein_108,221,G,101.7
OspA_protein_108,230,N,61.7
OspA_protein_108,232,K,49.3
OspA_protein_108,241,K,100.8
OspA_protein_108,242,E,74.4
OspA_protein_108,252,S,100.9
OspA_protein_108,253,A,59.7
OspA_protein_108,255,T,71.3
OspA_protein_108,258,E,52.0
OspA_protein_108,259,G,101.1
OspA_protein_108,260,K,102.0
OspA_protein_108,261,A,46.1
OspA_protein_108,263,E,36.7
OspA_protein_108,268,E,55.5
OspA_protein_108,271,K,29.7
OspA_protein_108,272,D,45.5
OspA_protein_109,27,K,100.5
OspA_protein_109,35,P,7.3
OspA_protein_109,36,G,25.0
OspA_protein_109,37,E,106.6
OspA_protein_109,45,E,90.3
OspA_protein_109,46,K,58.7
OspA_protein_109,48,K,99.1
OspA_protein_109,49,D,69.8
OspA_protein_109,60,K,125.6
OspA_protein_109,70,S,53.6
OspA_protein_109,92,D,63.0
OspA_protein_109,104,E,59.6
OspA_protein_109,107,T,77.5
OspA_protein_109,108,T,13.9
OspA_protein_109,117,K,82.4
OspA_protein_109,119,K,73.8
OspA_protein_109,129,K,95.6
OspA_protein_109,131,A,83.7
OspA_protein_109,140,R,15.4
OspA_protein_109,141,K,75.7
OspA_protein_109,142,D,26.9
OspA_protein_109,152,K,72.2
OspA_protein_109,153,N,108.6
OspA_protein_109,154,D,62.3
OspA_protein_109,158,K,58.1
OspA_protein_109,162,V,13.2
OspA_protein_109,164,K,69.4
OspA_protein_109,169,E,66.3
OspA_protein_109,174,A,64.0
OspA_protein_109,175,S,70.5
OspA_protein_109,183,K,72.3
OspA_protein_109,185,G,104.9
OspA_protein_109,186,T,39.6
OspA_protein_109,204,N,59.4
OspA_protein_109,206,T,74.9
OspA_protein_109,207,E,22.6
OspA_protein_109,208,T,100.0
OspA_protein_109,209,T,47.6
OspA_protein_109,210,P,91.7
OspA_protein_109,211,A,42.4
OspA_protein_109,219,D,28.4
OspA_protein_109,230,N,61.5
OspA_protein_109,232,K,48.5
OspA_protein_109,241,K,95.9
OspA_protein_109,242,E,66.0
OspA_protein_109,250,Y,5.5
OspA_protein_109,252,S,100.6
OspA_protein_109,253,A,59.6
OspA_protein_109,255,T,72.2
OspA_protein_109,258,E,54.5
OspA_protein_109,259,G,100.0
OspA_protein_109,260,K,101.9
OspA_protein_109,261,A,46.4
OspA_protein_109,263,E,39.0
OspA_protein_109,268,E,73.7
OspA_protein_109,272,N,38.4
OspA_protein_110,27,K,98.8
OspA_protein_110,35,P,6.3
OspA_protein_110,36,G,25.5
OspA_protein_110,37,E,110.8
OspA_protein_110,45,E,89.8
OspA_protein_110,46,K,60.1
OspA_protein_110,48,K,95.0
OspA_protein_110,49,D,68.7
OspA_protein_110,60,K,114.5
OspA_protein_110,70,N,67.5
OspA_protein_110,71,N,33.7
OspA_protein_110,81,D,126.6
OspA_protein_110,82,D,77.3
OspA_protein_110,83,K,62.7
OspA_protein_110,91,S,23.4
OspA_protein_110,92,D,63.3
OspA_protein_110,93,D,86.5
OspA_protein_110,94,L,19.2
OspA_protein_110,104,E,59.1
OspA_protein_110,105,D,54.9
OspA_protein_110,107,K,63.7
OspA_protein_110,117,K,83.5
OspA_protein_110,118,N,50.8
OspA_protein_110,119,K,80.4
OspA_protein_110,128,E,97.4
OspA_protein_110,129,K,90.7
OspA_protein_110,141,N,46.0
OspA_protein_110,151,K,69.0
OspA_protein_110,152,N,80.9
OspA_protein_110,153,N,74.6
OspA_protein_110,155,T,30.9
OspA_protein_110,163,K,88.2
OspA_protein_110,164,N,41.1
OspA_protein_110,173,A,67.7
OspA_protein_110,175,K,36.4
OspA_protein_110,183,G,93.8
OspA_protein_110,184,T,49.5
OspA_protein_110,202,N,60.2
OspA_protein_110,204,T,75.2
OspA_protein_110,205,S,11.8
OspA_protein_110,206,S,110.1
OspA_protein_110,207,T,58.2
OspA_protein_110,208,Q,63.5
OspA_protein_110,209,A,60.9
OspA_protein_110,211,K,30.4
OspA_protein_110,215,K,64.1
OspA_protein_110,219,K,112.1
OspA_protein_110,229,S,96.1
OspA_protein_110,230,K,45.3
OspA_protein_110,231,N,21.2
OspA_protein_110,232,K,28.7
OspA_protein_110,240,Q,73.2
OspA_protein_110,242,T,9.1
OspA_protein_110,248,Y,12.8
OspA_protein_110,249,D,10.2
OspA_protein_110,250,S,97.5
OspA_protein_110,251,A,60.8
OspA_protein_110,252,G,7.4
OspA_protein_110,253,T,77.2
OspA_protein_110,254,N,71.8
OspA_protein_110,255,L,46.2
OspA_protein_110,256,E,57.5
OspA_protein_110,257,G,101.2
OspA_protein_110,258,T,90.6
OspA_protein_110,261,E,30.0
OspA_protein_110,270,N,51.6
OspA_protein_111,27,K,100.6
OspA_protein_111,35,P,5.6
OspA_protein_111,36,G,25.9
OspA_protein_111,37,E,103.1
OspA_protein_111,46,K,60.2
OspA_protein_111,48,K,130.7
OspA_protein_111,49,D,65.4
OspA_protein_111,60,K,117.5
OspA_protein_111,70,N,65.3
OspA_protein_111,83,K,62.7
OspA_protein_111,92,D,63.8
OspA_protein_111,93,D,74.7
OspA_protein_111,104,E,58.6
OspA_protein_111,107,T,69.7
OspA_protein_111,108,T,13.7
OspA_protein_111,117,K,69.7
OspA_protein_111,128,A,85.3
OspA_protein_111,129,K,94.4
OspA_protein_111,145,R,38.0
OspA_protein_111,153,S,107.3
OspA_protein_111,164,K,83.9
OspA_protein_111,165,N,51.9
OspA_protein_111,174,T,71.3
OspA_protein_111,175,S,67.9
OspA_protein_111,185,D,87.1
OspA_protein_111,186,T,40.1
OspA_protein_111,195,K,89.1
OspA_protein_111,196,D,78.4
OspA_protein_111,198,K,76.8
OspA_protein_111,204,E,70.8
OspA_protein_111,206,T,86.6
OspA_protein_111,207,A,18.1
OspA_protein_111,208,S,111.2
OspA_protein_111,209,S,78.9
OspA_protein_111,210,P,51.6
OspA_protein_111,211,K,50.2
OspA_protein_111,218,D,76.3
OspA_protein_111,219,A,100.9
OspA_protein_111,220,T,63.3
OspA_protein_111,228,N,68.4
OspA_protein_111,229,N,127.9
OspA_protein_111,230,K,50.0
OspA_protein_111,231,K,46.0
OspA_protein_111,236,V,22.7
OspA_protein_111,239,K,95.9
OspA_protein_111,240,E,71.7
OspA_protein_111,249,D,26.4
OspA_protein_111,250,S,104.6
OspA_protein_111,251,G,47.5
OspA_protein_111,252,G,6.3
OspA_protein_111,253,T,86.2
OspA_protein_111,254,T,70.5
OspA_protein_111,255,L,39.8
OspA_protein_111,256,T,43.5
OspA_protein_111,257,G,101.8
OspA_protein_111,258,K,101.9
OspA_protein_111,266,E,53.1
OspA_protein_111,270,N,47.1
OspA_protein_112,27,K,99.0
OspA_protein_112,35,P,7.1
OspA_protein_112,36,G,20.1
OspA_protein_112,37,E,112.8
OspA_protein_112,45,E,90.5
OspA_protein_112,46,K,61.1
OspA_protein_112,48,K,96.7
OspA_protein_112,49,D,71.1
OspA_protein_112,60,K,115.0
OspA_protein_112,64,K,28.0
OspA_protein_112,70,N,68.3
OspA_protein_112,81,D,127.2
OspA_protein_112,82,D,80.0
OspA_protein_112,83,K,64.5
OspA_protein_112,92,D,63.6
OspA_protein_112,104,E,62.9
OspA_protein_112,105,D,57.2
OspA_protein_112,107,K,76.4
OspA_protein_112,112,R,31.4
OspA_protein_112,117,K,80.9
OspA_protein_112,118,D,55.2
OspA_protein_112,119,K,85.2
OspA_protein_112,128,E,91.1
OspA_protein_112,129,K,93.2
OspA_protein_112,139,R,15.1
OspA_protein_112,140,E,71.0
OspA_protein_112,141,N,42.6
OspA_protein_112,151,K,68.3
OspA_protein_112,152,S,93.6
OspA_protein_112,163,K,82.5
OspA_protein_112,164,D,46.5
OspA_protein_112,165,F,6.9
OspA_protein_112,173,A,50.5
OspA_protein_112,175,K,35.2
OspA_protein_112,182,E,18.8
OspA_protein_112,183,G,106.6
OspA_protein_112,184,T,49.6
OspA_protein_112,185,V,0.0
OspA_protein_112,200,E,52.1
OspA_protein_112,202,N,62.2
OspA_protein_112,204,T,68.0
OspA_protein_112,205,S,10.6
OspA_protein_112,206,T,111.1
OspA_protein_112,207,T,60.0
OspA_protein_112,208,Q,64.2
OspA_protein_112,209,A,60.8
OspA_protein_112,211,K,26.1
OspA_protein_112,215,K,67.2
OspA_protein_112,218,A,54.5
OspA_protein_112,219,N,115.3
OspA_protein_112,229,S,94.5
OspA_protein_112,230,K,44.9
OspA_protein_112,231,N,21.6
OspA_protein_112,232,K,30.1
OspA_protein_112,239,K,99.8
OspA_protein_112,240,Q,71.7
OspA_protein_112,242,T,8.6
OspA_protein_112,249,D,21.9
OspA_protein_112,250,A,95.2
OspA_protein_112,251,A,64.3
OspA_protein_112,252,G,7.6
OspA_protein_112,253,T,76.8
OspA_protein_112,254,N,74.8
OspA_protein_112,255,L,46.8
OspA_protein_112,256,E,49.9
OspA_protein_112,257,G,100.2
OspA_protein_112,258,T,90.9
OspA_protein_112,259,A,45.3
OspA_protein_112,261,E,30.6
OspA_protein_112,263,K,58.6
OspA_protein_112,270,N,52.2
OspA_protein_113,20,N,100.1
OspA_protein_113,22,G,53.5
OspA_protein_113,23,D,108.6
OspA_protein_113,24,T,61.3
OspA_protein_113,30,K,22.9
OspA_protein_113,34,D,62.3
OspA_protein_113,36,P,3.5
OspA_protein_113,37,S,17.1
OspA_protein_113,42,L,22.7
OspA_protein_113,46,E,91.4
OspA_protein_113,47,K,57.5
OspA_protein_113,49,K,116.4
OspA_protein_113,50,D,73.4
OspA_protein_113,60,D,87.7
OspA_protein_113,61,N,123.2
OspA_protein_113,65,K,60.6
OspA_protein_113,70,K,41.7
OspA_protein_113,71,N,61.9
OspA_protein_113,72,D,32.7
OspA_protein_113,82,D,130.3
OspA_protein_113,83,D,80.4
OspA_protein_113,84,K,62.2
OspA_protein_113,93,D,68.2
OspA_protein_113,105,E,56.3
OspA_protein_113,106,D,93.3
OspA_protein_113,108,T,15.9
OspA_protein_113,117,K,30.0
OspA_protein_113,126,F,18.4
OspA_protein_113,128,D,90.3
OspA_protein_113,129,K,85.8
OspA_protein_113,131,E,30.6
OspA_protein_113,141,N,40.9
OspA_protein_113,152,K,66.0
OspA_protein_113,153,E,78.4
OspA_protein_113,155,K,56.3
OspA_protein_113,163,K,58.0
OspA_protein_113,164,H,40.8
OspA_protein_113,173,D,101.8
OspA_protein_113,181,K,77.2
OspA_protein_113,184,T,50.4
OspA_protein_113,190,E,21.2
OspA_protein_113,193,E,38.6
OspA_protein_113,194,N,88.8
OspA_protein_113,196,K,50.9
OspA_protein_113,202,K,76.3
OspA_protein_113,204,T,63.6
OspA_protein_113,205,S,10.7
OspA_protein_113,206,T,105.2
OspA_protein_113,207,T,58.1
OspA_protein_113,208,D,85.3
OspA_protein_113,209,A,60.1
OspA_protein_113,210,T,56.1
OspA_protein_113,211,K,33.9
OspA_protein_113,213,T,50.5
OspA_protein_113,217,D,36.7
OspA_protein_113,218,E,56.2
OspA_protein_113,219,N,107.4
OspA_protein_113,220,T,58.6
OspA_protein_113,228,N,63.1
OspA_protein_113,229,S,110.0
OspA_protein_113,230,K,42.0
OspA_protein_113,231,K,46.2
OspA_protein_113,239,A,106.9
OspA_protein_113,240,D,45.5
OspA_protein_113,242,T,2.3
OspA_protein_113,249,N,11.3
OspA_protein_113,250,T,96.1
OspA_protein_113,251,N,75.3
OspA_protein_113,252,G,8.0
OspA_protein_113,253,D,70.5
OspA_protein_113,254,K,78.8
OspA_protein_113,255,L,45.7
OspA_protein_113,256,E,58.1
OspA_protein_113,257,G,86.4
OspA_protein_113,258,Q,100.5
OspA_protein_113,259,A,45.1
OspA_protein_113,260,E,66.3
OspA_protein_113,261,E,27.8
OspA_protein_113,263,K,63.7
OspA_protein_113,266,D,69.3
OspA_protein_113,270,T,46.7
OspA_protein_114,20,N,112.4
OspA_protein_114,22,G,78.4
OspA_protein_114,23,D,114.8
OspA_protein_114,24,T,95.8
OspA_protein_114,25,A,42.6
OspA_protein_114,26,S,95.9
OspA_protein_114,27,G,22.6
OspA_protein_114,28,D,73.1
OspA_protein_114,30,N,95.5
OspA_protein_114,36,E,69.0
OspA_protein_114,38,S,6.9
OspA_protein_114,39,S,21.6
OspA_protein_114,42,K,52.0
OspA_protein_114,48,E,91.3
OspA_protein_114,49,K,55.3
OspA_protein_114,51,K,112.5
OspA_protein_114,52,D,70.4
OspA_protein_114,63,N,135.6
OspA_protein_114,65,E,47.7
OspA_protein_114,67,K,58.3
OspA_protein_114,72,K,47.2
OspA_protein_114,73,N,63.0
OspA_protein_114,74,D,36.9
OspA_protein_114,82,V,55.6
OspA_protein_114,84,D,128.9
OspA_protein_114,85,D,77.3
OspA_protein_114,95,D,59.5
OspA_protein_114,96,D,69.6
OspA_protein_114,107,D,74.7
OspA_protein_114,109,K,44.1
OspA_protein_114,118,K,75.0
OspA_protein_114,119,D,64.1
OspA_protein_114,120,K,70.7
OspA_protein_114,127,F,10.0
OspA_protein_114,130,N,54.0
OspA_protein_114,132,E,88.6
OspA_protein_114,133,Y,29.9
OspA_protein_114,136,E,25.2
OspA_protein_114,143,N,36.0
OspA_protein_114,148,E,23.2
OspA_protein_114,150,T,27.0
OspA_protein_114,152,M,4.8
OspA_protein_114,153,T,42.1
OspA_protein_114,154,K,84.8
OspA_protein_114,155,E,58.5
OspA_protein_114,157,K,47.8
OspA_protein_114,159,K,60.3
OspA_protein_114,161,K,40.0
OspA_protein_114,163,A,21.0
OspA_protein_114,165,K,72.6
OspA_protein_114,166,N,34.4
OspA_protein_114,170,E,68.8
OspA_protein_114,174,E,45.7
OspA_protein_114,175,N,80.3
OspA_protein_114,183,K,67.1
OspA_protein_114,185,G,107.0
OspA_protein_114,186,T,46.2
OspA_protein_114,188,T,9.4
OspA_protein_114,192,E,28.2
OspA_protein_114,196,N,89.2
OspA_protein_114,197,D,82.0
OspA_protein_114,199,K,50.3
OspA_protein_114,205,E,65.7
OspA_protein_114,207,T,67.9
OspA_protein_114,208,N,18.2
OspA_protein_114,209,T,106.9
OspA_protein_114,210,T,61.4
OspA_protein_114,211,Q,60.2
OspA_protein_114,212,A,65.9
OspA_protein_114,214,K,32.2
OspA_protein_114,216,T,37.9
OspA_protein_114,218,D,72.8
OspA_protein_114,220,D,35.1
OspA_protein_114,221,E,55.4
OspA_protein_114,222,N,105.4
OspA_protein_114,223,T,61.1
OspA_protein_114,231,N,55.5
OspA_protein_114,232,S,95.0
OspA_protein_114,233,K,44.5
OspA_protein_114,234,K,42.5
OspA_protein_114,239,V,22.9
OspA_protein_114,243,E,67.3
OspA_protein_114,245,T,2.0
OspA_protein_114,251,Y,9.3
OspA_protein_114,252,N,19.9
OspA_protein_114,253,T,95.6
OspA_protein_114,254,N,73.4
OspA_protein_114,255,G,8.4
OspA_protein_114,256,D,69.5
OspA_protein_114,257,K,78.9
OspA_protein_114,258,L,46.6
OspA_protein_114,259,E,50.7
OspA_protein_114,260,G,85.9
OspA_protein_114,261,Q,99.3
OspA_protein_114,262,A,45.8
OspA_protein_114,263,E,72.2
OspA_protein_114,264,E,30.6
OspA_protein_114,266,K,74.7
OspA_protein_114,269,D,69.6
OspA_protein_114,273,T,55.9
OspA_protein_115,20,N,117.0
OspA_protein_115,23,D,100.8
OspA_protein_115,24,T,98.5
OspA_protein_115,25,A,34.0
OspA_protein_115,26,S,95.3
OspA_protein_115,27,G,18.2
OspA_protein_115,28,D,74.7
OspA_protein_115,30,N,94.3
OspA_protein_115,36,E,66.2
OspA_protein_115,38,S,6.6
OspA_protein_115,39,S,21.2
OspA_protein_115,42,K,47.9
OspA_protein_115,48,E,91.3
OspA_protein_115,49,K,56.3
OspA_protein_115,51,K,111.5
OspA_protein_115,52,D,69.8
OspA_protein_115,63,N,134.6
OspA_protein_115,65,E,46.9
OspA_protein_115,67,K,60.2
OspA_protein_115,72,K,46.5
OspA_protein_115,73,N,63.6
OspA_protein_115,74,D,37.1
OspA_protein_115,82,V,55.6
OspA_protein_115,84,D,129.6
OspA_protein_115,85,D,77.9
OspA_protein_115,95,D,61.3
OspA_protein_115,96,D,68.8
OspA_protein_115,107,D,74.4
OspA_protein_115,109,K,44.9
OspA_protein_115,118,K,74.8
OspA_protein_115,119,D,63.9
OspA_protein_115,120,K,68.3
OspA_protein_115,127,F,9.8
OspA_protein_115,129,A,78.4
OspA_protein_115,130,N,55.3
OspA_protein_115,132,E,88.1
OspA_protein_115,133,Y,29.7
OspA_protein_115,136,E,38.9
OspA_protein_115,143,N,37.9
OspA_protein_115,148,E,22.8
OspA_protein_115,150,T,27.0
OspA_protein_115,152,M,5.5
OspA_protein_115,153,T,41.4
OspA_protein_115,154,K,85.4
OspA_protein_115,155,E,57.2
OspA_protein_115,157,K,47.7
OspA_protein_115,159,K,60.7
OspA_protein_115,161,K,40.0
OspA_protein_115,163,A,20.9
OspA_protein_115,165,K,71.0
OspA_protein_115,166,N,34.4
OspA_protein_115,170,E,68.4
OspA_protein_115,174,E,45.4
OspA_protein_115,175,N,79.7
OspA_protein_115,183,K,67.0
OspA_protein_115,185,G,105.8
OspA_protein_115,186,T,46.2
OspA_protein_115,188,T,9.0
OspA_protein_115,192,E,28.1
OspA_protein_115,196,N,88.8
OspA_protein_115,197,D,82.6
OspA_protein_115,199,K,51.4
OspA_protein_115,205,E,66.0
OspA_protein_115,207,T,68.7
OspA_protein_115,208,N,18.0
OspA_protein_115,209,T,107.5
OspA_protein_115,210,T,61.8
OspA_protein_115,211,Q,61.1
OspA_protein_115,212,A,64.8
OspA_protein_115,214,K,31.3
OspA_protein_115,216,T,38.0
OspA_protein_115,218,D,72.7
OspA_protein_115,220,D,33.4
OspA_protein_115,221,E,55.3
OspA_protein_115,222,N,106.0
OspA_protein_115,231,N,57.0
OspA_protein_115,232,S,94.6
OspA_protein_115,233,K,43.1
OspA_protein_115,234,K,44.6
OspA_protein_115,243,E,67.6
OspA_protein_115,251,Y,12.4
OspA_protein_115,252,D,19.6
OspA_protein_115,253,T,98.2
OspA_protein_115,254,N,70.0
OspA_protein_115,255,G,3.2
OspA_protein_115,256,D,76.5
OspA_protein_115,257,N,73.8
OspA_protein_115,258,L,48.7
OspA_protein_115,259,T,40.8
OspA_protein_115,260,G,88.5
OspA_protein_115,261,Q,99.3
OspA_protein_115,262,A,44.5
OspA_protein_115,263,E,72.3
OspA_protein_115,264,E,30.7
OspA_protein_115,266,K,75.7
OspA_protein_115,269,D,67.9
OspA_protein_115,273,T,52.3
OspA_protein_116,27,K,100.7
OspA_protein_116,35,P,5.7
OspA_protein_116,36,G,26.5
OspA_protein_116,37,E,104.4
OspA_protein_116,45,E,89.5
OspA_protein_116,46,K,60.4
OspA_protein_116,48,K,102.5
OspA_protein_116,49,D,69.3
OspA_protein_116,60,K,117.4
OspA_protein_116,69,K,43.7
OspA_protein_116,70,N,65.6
OspA_protein_116,71,N,33.5
OspA_protein_116,83,K,62.3
OspA_protein_116,92,D,63.8
OspA_protein_116,93,D,74.1
OspA_protein_116,104,E,58.6
OspA_protein_116,107,T,73.4
OspA_protein_116,108,T,13.6
OspA_protein_116,117,K,70.1
OspA_protein_116,119,K,73.5
OspA_protein_116,128,A,85.3
OspA_protein_116,129,K,93.9
OspA_protein_116,141,K,71.4
OspA_protein_116,145,R,38.0
OspA_protein_116,153,S,106.4
OspA_protein_116,164,K,83.1
OspA_protein_116,165,N,51.5
OspA_protein_116,174,T,71.8
OspA_protein_116,175,S,66.3
OspA_protein_116,185,D,88.0
OspA_protein_116,186,T,41.1
OspA_protein_116,192,E,14.7
OspA_protein_116,195,K,85.0
OspA_protein_116,196,D,90.2
OspA_protein_116,198,K,56.6
OspA_protein_116,204,D,55.8
OspA_protein_116,206,T,80.1
OspA_protein_116,207,A,17.8
OspA_protein_116,208,S,123.1
OspA_protein_116,209,S,81.0
OspA_protein_116,211,K,45.3
OspA_protein_116,213,T,50.5
OspA_protein_116,218,D,49.3
OspA_protein_116,219,A,99.6
OspA_protein_116,220,T,63.1
OspA_protein_116,228,N,76.2
OspA_protein_116,229,S,120.6
OspA_protein_116,230,K,50.5
OspA_protein_116,231,K,45.6
OspA_protein_116,236,V,22.9
OspA_protein_116,239,K,89.7
OspA_protein_116,240,E,67.7
OspA_protein_116,248,Y,10.7
OspA_protein_116,249,D,27.5
OspA_protein_116,250,S,104.5
OspA_protein_116,251,G,49.0
OspA_protein_116,252,G,6.0
OspA_protein_116,253,T,86.3
OspA_protein_116,254,T,69.5
OspA_protein_116,255,L,40.6
OspA_protein_116,256,T,42.6
OspA_protein_116,257,G,101.8
OspA_protein_116,258,K,103.3
OspA_protein_116,266,E,54.1
OspA_protein_116,270,N,46.4
OspA_protein_117,27,K,99.2
OspA_protein_117,35,P,6.7
OspA_protein_117,36,G,53.4
OspA_protein_117,45,E,89.8
OspA_protein_117,46,K,59.0
OspA_protein_117,48,K,97.8
OspA_protein_117,49,D,69.1
OspA_protein_117,60,K,118.0
OspA_protein_117,62,E,49.0
OspA_protein_117,64,K,27.1
OspA_protein_117,70,S,53.2
OspA_protein_117,71,N,36.7
OspA_protein_117,79,E,43.1
OspA_protein_117,83,K,56.0
OspA_protein_117,92,E,71.7
OspA_protein_117,104,E,72.0
OspA_protein_117,105,D,56.3
OspA_protein_117,107,K,71.6
OspA_protein_117,108,T,18.7
OspA_protein_117,117,K,85.6
OspA_protein_117,129,K,85.6
OspA_protein_117,139,R,18.0
OspA_protein_117,141,N,54.6
OspA_protein_117,151,Q,58.4
OspA_protein_117,152,N,77.0
OspA_protein_117,153,D,61.5
OspA_protein_117,155,S,21.0
OspA_protein_117,161,V,16.0
OspA_protein_117,163,K,82.3
OspA_protein_117,173,V,72.2
OspA_protein_117,174,D,72.8
OspA_protein_117,176,E,33.0
OspA_protein_117,182,K,73.3
OspA_protein_117,184,G,101.9
OspA_protein_117,185,T,46.2
OspA_protein_117,194,N,91.6
OspA_protein_117,203,N,60.1
OspA_protein_117,205,S,75.3
OspA_protein_117,206,D,15.4
OspA_protein_117,207,T,105.7
OspA_protein_117,208,T,57.8
OspA_protein_117,209,Q,75.3
OspA_protein_117,210,A,61.7
OspA_protein_117,212,K,34.6
OspA_protein_117,216,K,78.6
OspA_protein_117,218,D,37.8
OspA_protein_117,219,S,55.5
OspA_protein_117,220,D,111.4
OspA_protein_117,230,S,95.9
OspA_protein_117,231,K,49.1
OspA_protein_117,232,K,43.0
OspA_protein_117,241,E,72.0
OspA_protein_117,242,D,4.3
OspA_protein_117,243,T,10.2
OspA_protein_117,250,N,18.8
OspA_protein_117,251,T,103.1
OspA_protein_117,252,A,56.5
OspA_protein_117,254,T,84.3
OspA_protein_117,256,L,42.9
OspA_protein_117,257,E,57.1
OspA_protein_117,258,G,105.0
OspA_protein_117,259,S,88.6
OspA_protein_117,260,P,56.9
OspA_protein_117,262,E,28.7
OspA_protein_117,264,K,51.3
OspA_protein_117,267,T,74.5
OspA_protein_117,271,T,57.9
OspA_protein_118,26,E,98.5
OspA_protein_118,27,K,99.4
OspA_protein_118,35,P,6.8
OspA_protein_118,36,G,51.3
OspA_protein_118,45,E,88.9
OspA_protein_118,46,K,59.1
OspA_protein_118,48,K,104.4
OspA_protein_118,49,D,69.0
OspA_protein_118,60,K,118.4
OspA_protein_118,62,E,52.0
OspA_protein_118,64,K,28.9
OspA_protein_118,70,S,51.3
OspA_protein_118,71,N,35.4
OspA_protein_118,79,E,55.6
OspA_protein_118,83,K,57.6
OspA_protein_118,92,Q,58.5
OspA_protein_118,93,D,68.8
OspA_protein_118,104,E,58.2
OspA_protein_118,107,K,86.0
OspA_protein_118,112,R,28.6
OspA_protein_118,117,K,74.8
OspA_protein_118,118,D,65.3
OspA_protein_118,119,K,89.5
OspA_protein_118,128,D,91.8
OspA_protein_118,129,K,89.0
OspA_protein_118,131,K,60.2
OspA_protein_118,139,R,16.7
OspA_protein_118,141,N,52.9
OspA_protein_118,151,K,68.4
OspA_protein_118,152,N,89.5
OspA_protein_118,153,D,65.6
OspA_protein_118,157,N,34.8
OspA_protein_118,161,V,16.3
OspA_protein_118,163,K,84.6
OspA_protein_118,168,E,53.2
OspA_protein_118,173,A,61.7
OspA_protein_118,174,D,75.2
OspA_protein_118,182,T,56.5
OspA_protein_118,184,G,105.8
OspA_protein_118,185,T,38.4
OspA_protein_118,187,T,23.5
OspA_protein_118,194,K,97.8
OspA_protein_118,203,N,60.5
OspA_protein_118,205,T,65.1
OspA_protein_118,206,E,22.4
OspA_protein_118,207,T,102.3
OspA_protein_118,208,T,48.9
OspA_protein_118,209,P,93.0
OspA_protein_118,210,A,43.8
OspA_protein_118,211,D,42.8
OspA_protein_118,212,K,37.1
OspA_protein_118,216,E,67.8
OspA_protein_118,220,D,98.1
OspA_protein_118,221,T,52.2
OspA_protein_118,229,N,61.7
OspA_protein_118,230,S,116.6
OspA_protein_118,231,Q,42.2
OspA_protein_118,232,K,40.0
OspA_protein_118,240,K,101.4
OspA_protein_118,241,E,72.6
OspA_protein_118,250,N,17.3
OspA_protein_118,251,R,112.3
OspA_protein_118,252,A,55.6
OspA_protein_118,253,G,6.6
OspA_protein_118,254,T,75.3
OspA_protein_118,255,T,65.8
OspA_protein_118,256,L,41.6
OspA_protein_118,257,E,58.9
OspA_protein_118,258,G,105.0
OspA_protein_118,259,S,89.8
OspA_protein_118,260,P,58.7
OspA_protein_118,262,E,35.7
OspA_protein_118,264,K,72.1
OspA_protein_118,267,A,68.3
OspA_protein_118,268,E,35.4
